Rk,Player,Nation,Pos,Squad,Age,Born,90s,TotalCmp,TotalAtt,TotalCmp%,TotDist,TotalPrgDist,ShortCmp,ShortAtt,ShortCmp%,MediumCmp,MediumAtt,MediumCmp%,LongCmp,LongAtt,LongCmp%,Ast,xA,A-xA,KP,1/3,PPA,CrsPA,Prog,Matches
1,Patrick van Aanholt\5f09991f,nl NED,DF,Crystal Palace,27,1990,35.5,1596,1973,80.9,26721,11614,813,925,87.9,610,737,82.8,146,246,59.3,2,3.5,-1.5,31,114,63,10,216,Matches
2,Sergio Agüero\4d034881,ar ARG,FW,Manchester City,30,1988,27.3,653,774,84.4,9134,1599,391,446,87.7,207,240,86.3,27,39,69.2,8,5.3,+2.7,33,37,41,0,63,Matches
3,Nathan Aké\eaeca114,nl NED,DF,Bournemouth,23,1995,37.9,1464,1689,86.7,30277,10765,452,507,89.2,780,851,91.7,222,301,73.8,0,0.7,-0.7,4,86,5,2,68,Matches
4,Marc Albrighton\b827d5b3,eng ENG,FWMF,Leicester City,28,1989,18.1,458,771,59.4,8844,3613,229,290,79,139,221,62.9,78,199,39.2,2,2.8,-0.8,29,47,30,15,80,Matches
5,Toby Alderweireld\f7d50789,be BEL,DF,Tottenham,29,1989,32.5,2077,2336,88.9,50476,15053,460,485,94.8,1097,1156,94.9,514,680,75.6,0,0.6,-0.6,7,189,26,1,123,Matches
6,Trent Alexander-Arnold\cd1acf9d,eng ENG,DF,Liverpool,19,1998,27.4,1655,2222,74.5,34936,13570,598,684,87.4,752,924,81.4,291,553,52.6,12,6.3,+5.7,48,131,59,27,191,Matches
7,Alisson\7a2e46a8,br BRA,GK,Liverpool,25,1992,38,1047,1268,82.6,30643,16858,114,116,98.3,570,578,98.6,362,572,63.3,0,0,0,0,10,1,0,0,Matches
8,Dele Alli\cea4ee8f,eng ENG,MF,Tottenham,22,1996,20.3,838,1050,79.8,13744,3258,415,486,85.4,336,396,84.8,63,103,61.2,3,2.7,+0.3,28,77,37,3,96,Matches
9,Miguel Almirón\862a1c15,py PAR,FWMF,Newcastle Utd,24,1994,8.4,188,260,72.3,3320,863,91,109,83.5,67,87,77,26,40,65,0,0.8,-0.8,12,16,14,9,19,Matches
10,Marcos Alonso\f4290206,es ESP,DF,Chelsea,27,1990,30.7,1843,2222,82.9,29006,9706,991,1083,91.5,711,848,83.8,107,214,50,4,3.5,+0.5,31,117,22,9,135,Matches
11,Daniel Amartey\1a4ef233,gh GHA,DF,Leicester City,23,1994,7.1,367,438,83.8,6907,3059,156,165,94.5,161,190,84.7,48,77,62.3,0,0.1,-0.1,3,30,0,0,29,Matches
12,Luke Amos\77128f7e,eng ENG,MF,Tottenham,21,1997,0,1,2,50,14,7,1,2,50,0,0,,0,0,,0,0,0,0,0,0,0,0,Matches
13,Felipe Anderson\9f1893b9,br BRA,MFFW,West Ham,25,1993,33.8,1327,1814,73.2,22567,7666,658,785,83.8,454,585,77.6,155,300,51.7,4,6.8,-2.8,62,102,89,14,188,Matches
14,Florin Andone\dc008610,ro ROU,FW,Brighton,25,1993,9.8,122,178,68.5,1605,203,67,93,72,39,55,70.9,4,9,44.4,0,0.1,-0.1,2,3,2,1,4,Matches
15,Michail Antonio\ac05f970,jm JAM,FWMF,West Ham,28,1990,23.4,507,768,66,8021,2237,295,366,80.6,153,244,62.7,42,103,40.8,4,3.5,+0.5,20,35,18,7,57,Matches
16,Stuart Armstrong\97333cf5,sct SCO,MFFW,Southampton,26,1992,15.9,500,655,76.3,8406,2140,249,308,80.8,188,217,86.6,50,76,65.8,2,1.5,+0.5,28,43,25,2,63,Matches
17,Marko Arnautović\00459419,at AUT,FW,West Ham,29,1989,22.1,494,652,75.8,7510,1324,295,365,80.8,142,185,76.8,35,50,70,4,3.8,+0.2,33,18,18,2,39,Matches
18,Kepa Arrizabalaga\28d596a0,es ESP,GK,Chelsea,23,1994,36,996,1157,86.1,27888,15201,150,151,99.3,506,513,98.6,338,491,68.8,0,0,0,0,3,0,0,1,Matches
19,Harry Arter\2f4c5a52,ie IRL,MF,Cardiff City,28,1989,22.2,535,680,78.7,10039,2848,237,275,86.2,217,256,84.8,74,125,59.2,1,0.6,+0.4,11,56,20,3,67,Matches
20,Christian Atsu\8816329f,gh GHA,MFFW,Newcastle Utd,26,1992,16.6,330,445,74.2,5036,1122,193,220,87.7,93,140,66.4,31,53,58.5,0,1.2,-1.2,13,26,15,6,21,Matches
21,Pierre-Emerick Aubameyang\d5dd5f1f,ga GAB,FW,Arsenal,29,1989,30.3,520,733,70.9,7206,1884,323,414,78,146,213,68.5,26,48,54.2,5,4.2,+0.8,33,29,34,4,66,Matches
22,Serge Aurier\5c2b4f07,ci CIV,DFMF,Tottenham,25,1992,6.3,256,349,73.4,4480,1802,124,146,84.9,101,140,72.1,24,42,57.1,2,0.6,+1.4,5,10,11,7,27,Matches
23,Charlie Austin\8d228291,eng ENG,FW,Southampton,29,1989,10.9,127,209,60.8,2037,312,63,96,65.6,40,66,60.6,15,29,51.7,2,0.4,+1.6,8,3,3,0,7,Matches
24,Jordan Ayew\da052c14,gh GHA,FW,Crystal Palace,26,1991,13.1,202,274,73.7,2783,507,119,137,86.9,57,80,71.3,12,23,52.2,2,0.9,+1.1,12,12,5,0,17,Matches
25,Floyd Ayité\fd5888a0,tg TOG,FWMF,Fulham,29,1988,5.3,160,207,77.3,2502,728,88,105,83.8,53,67,79.1,13,21,61.9,0,0.3,-0.3,8,12,8,1,20,Matches
26,César Azpilicueta\53cad200,es ESP,DF,Chelsea,28,1989,37.8,2475,2894,85.5,40394,14165,1239,1358,91.2,1030,1174,87.7,169,262,64.5,5,2.5,+2.5,26,161,46,20,155,Matches
27,Ryan Babel\6438d426,nl NED,FW,Fulham,31,1986,13.9,410,515,79.6,6440,1687,232,262,88.5,131,155,84.5,33,64,51.6,3,2.3,+0.7,23,27,10,3,29,Matches
28,Juninho Bacuna\aaf1bf05,cw CUW,MFDF,Huddersfield,20,1997,15.7,558,761,73.3,11236,3799,228,274,83.2,230,277,83,94,180,52.2,0,1.6,-1.6,18,85,12,1,81,Matches
29,Leandro Bacuna\9dc69d38,cw CUW,MFDF,Cardiff City,26,1991,6.2,114,168,67.9,2153,858,57,71,80.3,38,55,69.1,18,37,48.6,0,0,0,1,11,5,2,15,Matches
30,Eric Bailly\a1232f4e,ci CIV,DF,Manchester Utd,24,1994,7.1,263,300,87.7,5444,1571,82,87,94.3,137,146,93.8,42,61,68.9,0,0,0,0,8,0,0,8,Matches
31,Leighton Baines\b18095b6,eng ENG,DF,Everton,33,1984,4.2,207,259,79.9,3548,1510,99,112,88.4,90,106,84.9,16,34,47.1,0,0.1,-0.1,4,15,1,1,20,Matches
32,Fabián Balbuena\3626f7d9,py PAR,DF,West Ham,26,1991,22.4,659,817,80.7,13975,5556,195,222,87.8,332,381,87.1,122,196,62.2,0,0.1,-0.1,3,26,0,0,39,Matches
33,Leon Balogun\78e68b4d,ng NGA,DF,Brighton,30,1988,6.6,176,224,78.6,4043,870,33,39,84.6,93,108,86.1,43,65,66.2,0,0,0,0,2,0,0,5,Matches
34,Sol Bamba\5534217d,ci CIV,DF,Cardiff City,33,1985,27.5,394,552,71.4,8877,3282,101,144,70.1,204,246,82.9,86,148,58.1,1,0.4,+0.6,4,42,2,0,37,Matches
35,Phil Bardsley\1ae30132,sct SCO,DF,Burnley,33,1985,18.6,524,764,68.6,10178,4847,217,250,86.8,225,302,74.5,76,196,38.8,0,0.8,-0.8,7,66,19,8,54,Matches
36,Ross Barkley\3a24769f,eng ENG,MF,Chelsea,24,1993,13.8,881,967,91.1,15635,2659,421,447,94.2,335,368,91,108,119,90.8,5,2,+3.0,20,61,20,2,66,Matches
37,Ashley Barnes\2691c772,eng ENG,FW,Burnley,28,1989,26.5,342,548,62.4,4930,1042,205,278,73.7,94,163,57.7,22,58,37.9,2,3.5,-1.5,20,23,14,2,39,Matches
38,Harvey Barnes\3ea50f67,eng ENG,FWMF,Leicester City,20,1997,11.2,256,342,74.9,3559,951,166,201,82.6,72,95,75.8,11,20,55,2,1.4,+0.6,16,15,13,4,30,Matches
39,Antonio Barreca\6a189491,it ITA,DF,Newcastle Utd,23,1995,0.1,1,3,33.3,16,16,0,0,,1,1,100,0,1,0,0,0,0,0,0,0,0,1,Matches
40,Michy Batshuayi\2973d8ff,be BEL,FW,Crystal Palace,24,1993,8.3,111,162,68.5,1614,301,68,87,78.2,27,41,65.9,11,19,57.9,0,0.1,-0.1,1,5,2,0,7,Matches
41,Jan Bednarek\4115ce4e,pl POL,DF,Southampton,22,1996,23.9,591,830,71.2,12012,5531,198,240,82.5,294,379,77.6,89,192,46.4,1,0.4,+0.6,7,53,3,0,62,Matches
42,Asmir Begović\7b4de647,ba BIH,GK,Bournemouth,31,1987,24,445,657,67.7,15150,10076,44,44,100,217,220,98.6,184,393,46.8,0,0,0,0,3,0,0,0,Matches
43,Héctor Bellerín\f874dd44,es ESP,DF,Arsenal,23,1995,17,784,934,83.9,13249,4319,378,413,91.5,342,402,85.1,54,87,62.1,5,2,+3.0,8,46,25,6,85,Matches
44,Joe Bennett\dc936144,eng ENG,DF,Cardiff City,28,1990,29.3,637,930,68.5,11650,6069,287,340,84.4,263,371,70.9,77,178,43.3,1,1.1,-0.1,13,76,14,9,74,Matches
45,Ryan Bennett\0bad4516,eng ENG,DF,Wolves,28,1990,34,1087,1355,80.2,22784,7102,341,378,90.2,543,612,88.7,187,339,55.2,0,0.5,-0.5,5,97,1,0,74,Matches
46,Christian Benteke\ab070c55,be BEL,FW,Crystal Palace,27,1990,9,135,233,57.9,2052,402,79,127,62.2,35,69,50.7,12,18,66.7,1,1.2,-0.2,7,8,4,0,15,Matches
47,Jóhann Berg Guðmundsson\f72293fc,is ISL,MFFW,Burnley,27,1990,19.5,404,612,66,7487,2658,195,243,80.2,137,186,73.7,65,156,41.7,6,3.7,+2.3,37,23,23,15,43,Matches
48,Bernard\ab4b3e35,br BRA,FWMF,Everton,25,1992,23.5,627,858,73.1,10388,3195,320,378,84.7,241,319,75.5,55,112,49.1,3,3.3,-0.3,40,43,34,9,81,Matches
49,Bernardo\17370b95,br BRA,DF,Brighton,23,1995,19.5,741,1019,72.7,12902,5448,339,392,86.5,323,434,74.4,62,146,42.5,1,0.9,+0.1,10,53,11,3,84,Matches
50,Ryan Bertrand\01226327,eng ENG,DF,Southampton,28,1989,24,798,1092,73.1,13151,6106,440,504,87.3,279,378,73.8,65,163,39.9,0,1.9,-1.9,24,74,26,13,82,Matches
51,Marcus Bettinelli\0d85a4e8,eng ENG,GK,Fulham,26,1992,7,162,245,66.1,6092,4602,18,18,100,67,67,100,77,160,48.1,0,0,0,0,4,0,0,0,Matches
52,Philip Billing\d328a254,dk DEN,MF,Huddersfield,22,1996,24.3,916,1250,73.3,18659,5352,353,427,82.7,394,492,80.1,157,291,54,0,1.1,-1.1,17,77,24,10,88,Matches
53,Yves Bissouma\6c203af0,ml MLI,MF,Brighton,21,1996,19.7,599,734,81.6,10395,2240,281,324,86.7,230,271,84.9,68,101,67.3,0,1.1,-1.1,14,55,7,1,48,Matches
54,Willy Boly\a4ac4b8f,ci CIV,DF,Wolves,27,1991,35.2,1400,1689,82.9,27387,10993,529,579,91.4,665,748,88.9,189,325,58.2,0,0.9,-0.9,10,122,5,0,120,Matches
55,Léo Bonatini\da23d58d,br BRA,FW,Wolves,24,1994,1.5,45,59,76.3,754,142,28,31,90.3,9,14,64.3,7,9,77.8,1,0.2,+0.8,2,3,2,1,3,Matches
56,Gaëtan Bong\cfd5e123,cm CMR,DF,Brighton,30,1988,20.1,602,887,67.9,10902,5553,252,287,87.8,273,389,70.2,69,177,39,0,0.6,-0.6,8,49,17,8,62,Matches
57,Artur Boruc\34ccf6fa,pl POL,GK,Bournemouth,38,1980,12,225,350,64.3,7768,5404,22,22,100,98,99,99,105,229,45.9,0,0,0,0,4,0,0,0,Matches
58,Robbie Brady\96bb8cc2,ie IRL,MFFW,Burnley,26,1992,8,160,285,56.1,3018,1117,75,97,77.3,56,90,62.2,24,80,30,1,1.2,-0.2,13,16,10,5,20,Matches
59,Miguel Britos\356a9a62,uy URU,DF,Watford,33,1985,2.1,48,56,85.7,1051,428,17,18,94.4,21,25,84,9,12,75,0,0,0,0,3,0,0,5,Matches
60,David Brooks\dc4cae05,wls WAL,MFFW,Bournemouth,21,1997,25.1,655,889,73.7,10572,3410,352,435,80.9,228,292,78.1,52,98,53.1,5,4,+1.0,29,52,38,4,95,Matches
61,Bruno\78803d03,es ESP,DF,Brighton,37,1980,12.6,503,638,78.8,9970,4598,187,204,91.7,236,281,84,76,139,54.7,1,0.3,+0.7,6,32,9,4,45,Matches
62,Joe Bryan\af69e7f0,eng ENG,DF,Fulham,24,1993,26.1,917,1281,71.6,16266,7558,419,486,86.2,395,509,77.6,91,238,38.2,1,2.1,-1.1,22,79,24,14,106,Matches
63,David Button\e608ed4c,eng ENG,GK,Brighton,29,1989,4,44,106,41.5,2070,1642,2,2,100,11,11,100,31,93,33.3,0,0,0,0,1,0,0,0,Matches
64,Willy Caballero\a179d516,ar ARG,GK,Chelsea,36,1981,2,51,63,81,1505,839,11,11,100,22,22,100,18,30,60,0,0,0,0,0,0,0,0,Matches
65,Gary Cahill\7914b9fe,eng ENG,DF,Chelsea,32,1985,0.3,17,18,94.4,317,174,7,7,100,10,11,90.9,0,0,,0,0,0,0,0,0,0,6,Matches
66,Tom Cairney\a8748947,sct SCO,MFFW,Fulham,27,1991,24.4,1260,1419,88.8,21698,4028,617,659,93.6,490,541,90.6,133,183,72.7,1,3.3,-2.3,37,108,31,2,112,Matches
67,Dominic Calvert-Lewin\59e6e5bf,eng ENG,FW,Everton,21,1997,19.8,279,444,62.8,4031,716,175,249,70.3,72,127,56.7,19,34,55.9,2,1.2,+0.8,10,23,7,1,20,Matches
68,Rafael Camacho\91b43c98,pt POR,DF,Liverpool,18,2000,0,0,0,,0,0,0,0,,0,0,,0,0,,0,0,0,0,0,0,0,0,Matches
69,Víctor Camarasa\b2d03887,es ESP,MF,Cardiff City,24,1994,28.5,707,1003,70.5,13326,3549,342,413,82.8,231,297,77.8,124,244,50.8,4,3.3,+0.7,46,62,24,9,64,Matches
70,Étienne Capoue\5acc4a10,fr FRA,MF,Watford,30,1988,32.7,1484,1760,84.3,29320,8051,609,681,89.4,614,720,85.3,236,321,73.5,3,0.9,+2.1,9,155,18,0,156,Matches
71,Andy Carroll\b581987a,eng ENG,FW,West Ham,29,1989,5.1,85,126,67.5,1386,260,48,63,76.2,23,37,62.2,11,19,57.9,0,0.2,-0.2,4,5,1,0,6,Matches
72,Jonny Castro\e28868f3,es ESP,DFMF,Wolves,24,1994,30.8,1125,1396,80.6,16972,5546,673,748,90,368,449,82,65,132,49.2,1,1.7,-0.7,25,37,22,6,58,Matches
73,Craig Cathcart\89e4b358,nir NIR,DF,Watford,29,1989,34.4,1057,1264,83.6,23185,7885,323,356,90.7,489,531,92.1,234,354,66.1,0,0.4,-0.4,1,58,3,1,57,Matches
74,Ivan Cavaleiro\979b811d,pt POR,FW,Wolves,24,1993,7.7,251,353,71.1,3940,954,148,173,85.5,65,98,66.3,29,58,50,1,1.4,-0.4,18,13,13,8,17,Matches
75,Petr Čech\71672fa0,cz CZE,GK,Arsenal,36,1982,6.5,190,267,71.2,5792,3193,17,20,85,102,103,99,71,144,49.3,0,0,0,0,0,0,0,0,Matches
76,Nathaniel Chalobah\422862ea,eng ENG,MFFW,Watford,23,1994,3,92,121,76,1706,562,41,50,82,39,49,79.6,12,19,63.2,0,0,0,0,8,1,0,11,Matches
77,Calum Chambers\dc6f5bdd,eng ENG,MFDF,Fulham,23,1995,28.8,1189,1509,78.8,22643,6666,488,563,86.7,520,615,84.6,159,287,55.4,0,0.7,-0.7,15,119,17,0,118,Matches
78,Ben Chilwell\d2424d1b,eng ENG,DF,Leicester City,21,1996,36,1581,2234,70.8,26074,9694,789,924,85.4,663,912,72.7,104,315,33,4,2.8,+1.2,39,101,37,16,143,Matches
79,Tahith Chong\2696b6a9,nl NED,FW,Manchester Utd,18,1999,0.4,13,15,86.7,231,59,7,7,100,4,5,80,2,2,100,0,0,0,0,1,1,0,2,Matches
80,Hamza Choudhury\7d2d3329,eng ENG,MF,Leicester City,20,1997,6.6,207,238,87,3891,710,84,97,86.6,85,89,95.5,35,43,81.4,0,0.4,-0.4,4,18,3,1,16,Matches
81,Andreas Christensen\1cb49278,dk DEN,DF,Chelsea,22,1996,6.9,416,446,93.3,8083,2567,132,138,95.7,227,243,93.4,51,55,92.7,0,0,0,0,22,0,0,32,Matches
82,Cyrus Christie\7eb67dad,ie IRL,DF,Fulham,25,1992,21.6,878,1190,73.8,14928,5443,414,472,87.7,390,508,76.8,65,171,38,1,1.3,-0.3,21,32,22,11,73,Matches
83,Ibrahima Cissé\be4fede9,gn GUI,MF,Fulham,24,1994,1,30,33,90.9,453,189,20,21,95.2,8,10,80,2,2,100,0,0,0,0,1,0,0,2,Matches
84,Ciaran Clark\2b91cf8e,ie IRL,DF,Newcastle Utd,28,1989,9.5,224,289,77.5,4415,1715,78,90,86.7,114,129,88.4,30,63,47.6,0,0.4,-0.4,3,14,1,0,21,Matches
85,Tom Cleverley\6cdd8245,eng ENG,MFFW,Watford,28,1989,5.3,176,224,78.6,3096,839,81,95,85.3,68,82,82.9,23,35,65.7,0,0,0,0,17,4,0,15,Matches
86,Nathaniel Clyne\0442183b,eng ENG,DF,Liverpool,27,1991,1.2,68,84,81,960,412,39,43,90.7,22,28,78.6,3,8,37.5,0,0,0,0,2,1,0,4,Matches
87,Nathaniel Clyne\0442183b,eng ENG,DF,Bournemouth,27,1991,12.7,451,587,76.8,7496,3221,222,251,88.4,193,244,79.1,32,65,49.2,1,0.1,+0.9,4,19,10,3,44,Matches
88,Conor Coady\2928dca2,eng ENG,DF,Wolves,25,1993,38,1417,1675,84.6,39546,12719,215,229,93.9,657,706,93.1,539,730,73.8,0,0,0,0,125,5,0,62,Matches
89,Joel Coleman\b73e459a,eng ENG,GK,Huddersfield,22,1995,1,12,37,32.4,517,326,1,1,100,3,3,100,8,32,25,0,0,0,0,1,0,0,0,Matches
90,Séamus Coleman\0420d84f,ie IRL,DF,Everton,29,1988,28.4,1212,1575,77,20617,8744,617,703,87.8,475,598,79.4,110,223,49.3,2,2.2,-0.2,21,90,22,11,114,Matches
91,Lewis Cook\2afc7272,eng ENG,MF,Bournemouth,21,1997,8,331,404,81.9,6854,1651,105,122,86.1,164,189,86.8,58,80,72.5,0,0.1,-0.1,2,29,7,1,37,Matches
92,Steve Cook\3e5e4e63,eng ENG,DF,Bournemouth,27,1991,31,1207,1543,78.2,28951,10589,262,301,87,653,760,85.9,287,463,62,1,1.1,-0.1,13,91,5,1,88,Matches
93,Jack Cork\74e12f1e,eng ENG,MF,Burnley,29,1989,36.8,1092,1361,80.2,19856,4189,493,571,86.3,424,504,84.1,147,231,63.6,2,1.4,+0.6,17,100,18,3,88,Matches
94,Hélder Costa\f13d02a6,ao ANG,FWMF,Wolves,24,1994,14.9,379,501,75.6,5735,1159,211,255,82.7,133,167,79.6,25,49,51,2,1.6,+0.4,17,15,19,3,34,Matches
95,Aaron Cresswell\4f974391,eng ENG,DF,West Ham,28,1989,17.7,842,1070,78.7,13627,5572,453,501,90.4,307,371,82.7,64,140,45.7,1,0.9,+0.1,16,55,15,5,65,Matches
96,Peter Crouch\73d9bdc7,eng ENG,FW,Burnley,37,1981,1,11,25,44,140,49,7,17,41.2,4,7,57.1,0,0,,0,0,0,0,1,1,0,2,Matches
97,Greg Cunningham\dc10b26c,ie IRL,DF,Cardiff City,27,1991,7,159,222,71.6,2834,1354,77,92,83.7,59,80,73.8,20,44,45.5,0,0.2,-0.2,5,15,5,4,12,Matches
98,Diogo Dalot\d9565625,pt POR,DFMF,Manchester Utd,19,1999,11.3,394,551,71.5,7179,2601,179,216,82.9,164,224,73.2,47,87,54,2,2,0,17,23,14,6,41,Matches
99,Matty Daly\03e48abb,eng ENG,MF,Huddersfield,17,2001,0.8,7,13,53.8,72,14,5,6,83.3,1,5,20,0,0,,0,0,0,0,1,0,0,0,Matches
100,Loïc Damour\074d8166,fr FRA,MF,Cardiff City,27,1991,0.3,8,11,72.7,233,25,3,4,75,2,3,66.7,3,4,75,0,0,0,0,1,0,0,0,Matches
101,Charlie Daniels\9d107085,eng ENG,DF,Bournemouth,31,1986,17.6,781,1007,77.6,13939,5849,371,423,87.7,307,372,82.5,87,174,50,0,0.6,-0.6,9,59,21,5,75,Matches
102,Danilo\94b2001f,br BRA,DF,Manchester City,27,1991,9,764,867,88.1,13878,3051,328,348,94.3,367,407,90.2,67,98,68.4,0,0.3,-0.3,5,72,10,1,56,Matches
103,Scott Dann\52105203,eng ENG,DF,Crystal Palace,31,1987,7.4,190,243,78.2,3784,1692,61,64,95.3,99,115,86.1,29,58,50,1,0,+1.0,0,10,0,0,15,Matches
104,Matteo Darmian\96e0490d,it ITA,DF,Manchester Utd,28,1989,4.9,180,210,85.7,3017,1313,94,94,100,65,75,86.7,18,33,54.5,0,0.1,-0.1,2,11,1,1,12,Matches
105,Ben Davies\44781702,wls WAL,DF,Tottenham,25,1993,20.5,1071,1306,82,18504,7313,486,542,89.7,483,562,85.9,91,164,55.5,0,2,-2,16,83,19,8,110,Matches
106,Tom Davies\9228b07c,eng ENG,MF,Everton,20,1998,10.9,413,522,79.1,7755,1679,173,198,87.4,173,206,84,59,95,62.1,0,0.5,-0.5,5,49,7,0,41,Matches
107,Steven Davis\cf15bbb1,nir NIR,MF,Southampton,33,1985,1.1,63,69,91.3,1335,427,26,29,89.7,24,26,92.3,13,14,92.9,1,0.7,+0.3,3,5,2,0,7,Matches
108,Kevin De Bruyne\e46012d4,be BEL,MF,Manchester City,27,1991,10.8,626,820,76.3,12527,3409,245,281,87.2,265,330,80.3,103,175,58.9,2,3.4,-1.4,33,65,44,8,86,Matches
109,Troy Deeney\82e34b69,eng ENG,FW,Watford,30,1988,28.3,527,837,63,7622,2720,324,450,72,149,251,59.4,31,80,38.8,5,4.8,+0.2,40,62,45,3,104,Matches
110,Jermain Defoe\f1e8372d,eng ENG,FW,Bournemouth,35,1982,0.3,2,4,50,42,0,0,1,0,2,3,66.7,0,0,,0,0,0,0,0,0,0,0,Matches
111,Steven Defour\73489527,be BEL,MF,Burnley,30,1988,5,199,249,79.9,4090,1106,69,78,88.5,91,102,89.2,36,62,58.1,0,0.1,-0.1,3,18,4,0,19,Matches
112,Fabian Delph\111c3236,eng ENG,DF,Manchester City,28,1989,8.1,687,750,91.6,11940,3046,344,354,97.2,273,295,92.5,66,87,75.9,1,0.3,+0.7,3,71,14,1,48,Matches
113,Mousa Dembélé\f7ee69fb,be BEL,MF,Tottenham,31,1987,5.7,280,308,90.9,4787,918,131,144,91,122,131,93.1,23,25,92,0,0,0,0,17,1,0,18,Matches
114,Leander Dendoncker\5a7301ae,be BEL,MF,Wolves,23,1995,16.3,502,622,80.7,8257,1815,258,300,86,187,225,83.1,45,64,70.3,0,1.2,-1.2,7,29,7,1,35,Matches
115,Laurent Depoitre\aa5859cb,be BEL,FW,Huddersfield,29,1988,11.9,168,267,62.9,2189,406,102,146,69.9,46,82,56.1,6,9,66.7,1,0.9,+0.1,10,9,5,0,15,Matches
116,Gerard Deulofeu\39583cfd,es ESP,FW,Watford,24,1994,23,581,793,73.3,9189,2307,329,402,81.8,183,251,72.9,54,92,58.7,5,5.3,-0.3,31,37,42,5,73,Matches
117,Fousseni Diabaté\d07e3b41,ml MLI,FW,Leicester City,22,1995,0.6,10,18,55.6,161,38,5,9,55.6,4,6,66.7,1,1,100,0,0.1,-0.1,1,0,1,1,0,Matches
118,Adama Diakhaby\65585e3a,fr FRA,FWMF,Huddersfield,22,1996,6.1,120,168,71.4,1845,333,68,87,78.2,46,57,80.7,6,15,40,0,0.4,-0.4,5,4,3,0,10,Matches
119,Mohamed Diamé\b7d082af,sn SEN,MF,Newcastle Utd,31,1987,24.1,556,717,77.5,9988,2290,257,291,88.3,212,255,83.1,73,135,54.1,0,0.1,-0.1,2,47,8,1,43,Matches
120,Grady Diangana\f522d7ec,eng ENG,FWMF,West Ham,20,1998,6.8,199,265,75.1,2899,762,127,154,82.5,55,73,75.3,12,25,48,1,1.1,-0.1,11,17,7,1,20,Matches
121,Eric Dier\ac861941,eng ENG,MF,Tottenham,24,1994,16.7,898,1056,85,17285,4574,350,390,89.7,417,465,89.7,118,172,68.6,0,0.7,-0.7,7,80,11,3,73,Matches
122,Lucas Digne\1b84dbe1,fr FRA,DF,Everton,25,1993,32.9,1466,2051,71.5,26691,12037,678,795,85.3,582,770,75.6,183,406,45.1,4,6.3,-2.3,70,103,51,32,155,Matches
123,Virgil van Dijk\e06683ca,nl NED,DF,Liverpool,27,1991,37.6,2715,3001,90.5,62071,17402,673,722,93.2,1453,1541,94.3,579,712,81.3,2,1.1,+0.9,6,179,5,0,144,Matches
124,Issa Diop\a712ca2b,fr FRA,DF,West Ham,21,1997,33,982,1134,86.6,20012,6746,332,373,89,487,537,90.7,151,197,76.6,0,0.1,-0.1,2,40,0,0,58,Matches
125,Matt Doherty\d557d734,ie IRL,DFMF,Wolves,26,1992,34.9,1328,1815,73.2,22810,10286,640,755,84.8,548,739,74.2,114,241,47.3,5,3.9,+1.1,37,70,33,11,155,Matches
126,Abdoulaye Doucouré\02b29014,fr FRA,MF,Watford,25,1993,34,1643,1967,83.5,28444,6865,759,870,87.2,661,764,86.5,185,248,74.6,6,3.7,+2.3,36,131,34,3,155,Matches
127,Luke Dreher\d1c509d9,eng ENG,MF,Crystal Palace,19,1998,0,3,3,100,28,0,3,3,100,0,0,,0,0,,0,0,0,0,0,0,0,0,Matches
128,Martin Dúbravka\3a949a25,sk SVK,GK,Newcastle Utd,29,1989,38,699,1176,59.4,26874,18603,69,71,97.2,265,267,99.3,364,835,43.6,0,0,0,0,18,0,0,0,Matches
129,Shane Duffy\7314bba4,ie IRL,DF,Brighton,26,1992,34.3,981,1252,78.4,23964,7652,210,261,80.5,486,555,87.6,261,400,65.3,1,0.6,+0.4,7,42,3,2,29,Matches
130,Demeaco Duhaney\5ef608f7,eng ENG,DF,Huddersfield,19,1998,0.5,20,28,71.4,343,187,11,12,91.7,6,10,60,3,5,60,0,0,0,0,3,1,0,3,Matches
131,Paul Dummett\3fe6bd8c,wls WAL,DF,Newcastle Utd,26,1991,22.1,629,855,73.6,12689,6619,232,258,89.9,294,381,77.2,96,197,48.7,0,0.4,-0.4,4,69,14,3,69,Matches
132,Lewis Dunk\282f75f3,eng ENG,DF,Brighton,26,1991,35,1236,1483,83.3,30196,8629,300,334,89.8,581,624,93.1,339,492,68.9,1,0.6,+0.4,10,74,2,0,40,Matches
133,Erik Durm\cf623c78,de GER,DF,Huddersfield,26,1992,22.8,745,1062,70.2,12961,4998,363,431,84.2,296,410,72.2,81,183,44.3,1,0.7,+0.3,12,51,18,10,69,Matches
134,Bruno Ecuele Manga\72a0fb65,ga GAB,DF,Cardiff City,30,1988,37.5,702,1090,64.4,15080,7183,260,322,80.7,285,433,65.8,150,308,48.7,1,0.3,+0.7,5,75,8,2,86,Matches
135,Ederson\3bb7b8b4,br BRA,GK,Manchester City,24,1993,38,942,1099,85.7,25271,15250,172,172,100,511,514,99.4,258,410,62.9,1,0.3,+0.7,3,10,0,0,3,Matches
136,Harvey Elliott\c8387671,eng ENG,MF,Fulham,15,2003,0.2,10,12,83.3,176,35,5,6,83.3,4,4,100,1,2,50,0,0,0,0,0,1,0,1,Matches
137,Mohamed Elneny\47a34c4f,eg EGY,MF,Arsenal,26,1992,4.2,258,289,89.3,5070,1244,96,107,89.7,123,134,91.8,37,43,86,0,0.2,-0.2,4,18,4,0,28,Matches
138,Mohamed Elyounoussi\68dc0dac,no NOR,MFFW,Southampton,23,1994,8.8,171,267,64,2730,809,98,120,81.7,49,81,60.5,18,43,41.9,0,1,-1,12,10,9,1,15,Matches
139,Christian Eriksen\980522ec,dk DEN,MF,Tottenham,26,1992,30.8,1537,1988,77.3,28332,7604,677,789,85.8,640,769,83.2,190,348,54.6,12,7.1,+4.9,73,174,53,10,177,Matches
140,Neil Etheridge\2642bf6c,ph PHI,GK,Cardiff City,28,1990,38,398,1203,33.1,23498,20413,5,5,100,37,42,88.1,356,1154,30.8,0,0.1,-0.1,2,64,0,0,0,Matches
141,Jonny Evans\f8fcd2a5,nir NIR,DF,Leicester City,30,1988,22.2,871,1010,86.2,19462,5859,216,239,90.4,488,529,92.2,161,230,70,0,0.2,-0.2,4,43,1,0,31,Matches
142,Łukasz Fabiański\9328b835,pl POL,GK,West Ham,33,1985,38,668,1236,54,28629,21089,38,38,100,221,223,99.1,407,972,41.9,0,0.2,-0.2,3,15,0,0,0,Matches
143,Fabinho\7f3b388c,br BRA,MF,Liverpool,24,1993,22.4,1406,1628,86.4,27500,6433,529,588,90,674,742,90.8,189,267,70.8,2,1.3,+0.7,16,152,25,2,130,Matches
144,Cesc Fàbregas\33508c78,es ESP,MF,Chelsea,31,1987,2,164,192,85.4,3022,1046,71,78,91,78,85,91.8,15,27,55.6,0,0.3,-0.3,3,17,4,0,18,Matches
145,Fabricio\af245161,es ESP,GK,Fulham,30,1987,2,46,61,75.4,1601,1210,2,3,66.7,24,24,100,20,34,58.8,0,0,0,0,1,0,0,0,Matches
146,Marouane Fellaini\87575fd9,be BEL,MF,Manchester Utd,30,1987,8.4,353,432,81.7,5696,1698,178,206,86.4,140,160,87.5,27,42,64.3,1,0.3,+0.7,5,30,2,1,29,Matches
147,Kiko Femenía\e5d01ecf,es ESP,DF,Watford,27,1991,22.8,960,1179,81.4,16080,6824,502,546,91.9,369,448,82.4,78,153,51,1,1.5,-0.5,14,67,23,13,87,Matches
148,Federico Fernández\f25b010f,ar ARG,DF,Newcastle Utd,29,1989,16.5,471,599,78.6,11389,4003,103,120,85.8,233,262,88.9,132,210,62.9,1,0.3,+0.7,4,31,3,2,37,Matches
149,Fernandinho\101da2b5,br BRA,MF,Manchester City,33,1985,26.4,1812,2063,87.8,33501,8873,744,808,92.1,857,952,90,194,261,74.3,3,2.6,+0.4,23,256,46,0,213,Matches
150,Roberto Firmino\4c370d81,br BRA,FWMF,Liverpool,26,1991,29,1058,1311,80.7,15849,4438,611,721,84.7,350,416,84.1,64,91,70.3,6,5.8,+0.2,43,89,54,1,151,Matches
151,Phil Foden\ed1e53f3,eng ENG,MF,Manchester City,18,2000,3.7,201,234,85.9,2972,466,116,133,87.2,69,76,90.8,11,14,78.6,0,0.6,-0.6,8,9,8,0,18,Matches
152,Fraser Forster\c3e39f12,eng ENG,GK,Southampton,30,1988,1,10,23,43.5,444,387,0,0,,5,5,100,5,18,27.8,0,0,0,0,0,0,0,0,Matches
153,Ben Foster\d0b3ceb9,eng ENG,GK,Watford,35,1983,38,610,1251,48.8,28670,24288,44,47,93.6,153,161,95,413,1040,39.7,0,0.3,-0.3,7,43,1,0,0,Matches
154,Timothy Fosu-Mensah\a9142dc3,nl NED,DF,Fulham,20,1998,8.8,379,485,78.1,7185,2699,155,168,92.3,185,230,80.4,38,76,50,0,0.5,-0.5,6,21,4,0,36,Matches
155,Juan Foyth\6c7762c3,ar ARG,DF,Tottenham,20,1998,9.9,508,590,86.1,10052,2973,197,218,90.4,230,260,88.5,76,99,76.8,0,0.3,-0.3,3,28,3,1,18,Matches
156,Simon Francis\1e0b6a73,eng ENG,DF,Bournemouth,33,1985,13.7,598,809,73.9,11403,5436,253,284,89.1,259,330,78.5,81,168,48.2,2,1.1,+0.9,12,56,15,8,67,Matches
157,Ryan Fraser\d56543a0,sct SCO,MFFW,Bournemouth,24,1994,35.2,1026,1506,68.1,18495,6404,449,561,80,426,570,74.7,127,294,43.2,14,11.6,+2.4,87,83,61,23,138,Matches
158,Fred\b853e0ad,br BRA,MF,Manchester Utd,25,1993,11.6,656,761,86.2,13052,3247,259,286,90.6,267,299,89.3,115,149,77.2,1,0.9,+0.1,15,70,6,2,65,Matches
159,Ryan Fredericks\c067631c,eng ENG,DF,West Ham,25,1992,12.1,394,541,72.8,5829,2432,243,278,87.4,119,175,68,25,62,40.3,0,0.3,-0.3,4,15,7,4,26,Matches
160,Christian Fuchs\a67a09fb,at AUT,DF,Leicester City,32,1986,2.3,117,155,75.5,2260,1060,46,51,90.2,59,65,90.8,11,31,35.5,0,0.3,-0.3,6,9,6,4,19,Matches
161,Manolo Gabbiadini\8f866fe8,it ITA,FWMF,Southampton,26,1991,5.3,81,118,68.6,1084,272,49,58,84.5,23,38,60.5,4,9,44.4,0,0.1,-0.1,3,3,3,0,4,Matches
162,Sam Gallagher\44361ade,eng ENG,FWDF,Southampton,22,1995,0.4,2,8,25,18,0,2,6,33.3,0,1,0,0,1,0,0,0,0,0,0,0,0,0,Matches
163,Idrissa Gana Gueye\72c812f3,sn SEN,MF,Everton,28,1989,31.4,1472,1739,84.6,28805,7556,546,629,86.8,678,763,88.9,227,302,75.2,2,1.1,+0.9,19,175,17,2,173,Matches
164,James Garner\4e015693,eng ENG,MF,Manchester Utd,17,2001,0,0,1,0,0,0,0,0,,0,1,0,0,0,,0,0,0,0,0,0,0,0,Matches
165,Paulo Gazzaniga\63d17038,ar ARG,GK,Tottenham,26,1992,3,71,106,67,2180,1226,13,14,92.9,36,37,97.3,22,55,40,0,0,0,0,1,0,0,0,Matches
166,David de Gea\7ba6d84e,es ESP,GK,Manchester Utd,27,1990,38,720,1104,65.2,28916,21972,63,65,96.9,248,249,99.6,408,789,51.7,0,0,0,1,13,0,0,0,Matches
167,Rachid Ghezzal\dc3a9a0d,dz ALG,FWMF,Leicester City,26,1992,8.3,358,470,76.2,6253,1753,187,217,86.2,109,144,75.7,46,79,58.2,0,1.9,-1.9,15,17,19,8,38,Matches
168,Morgan Gibbs-White\32f60ed8,eng ENG,MFFW,Wolves,18,2000,7.4,270,332,81.3,5304,962,111,135,82.2,103,120,85.8,53,66,80.3,1,1.4,-0.4,11,20,9,0,23,Matches
169,Ben Gibson\bcfb0142,eng ENG,DF,Burnley,25,1993,0.7,23,34,67.6,468,201,11,14,78.6,8,9,88.9,4,11,36.4,0,0,0,0,3,0,0,3,Matches
170,Olivier Giroud\16ceb862,fr FRA,FW,Chelsea,31,1986,9.4,175,255,68.6,2123,202,122,173,70.5,30,50,60,8,9,88.9,4,2.3,+1.7,16,4,6,0,11,Matches
171,André Gomes\1961b2aa,pt POR,MF,Everton,25,1993,22,1024,1227,83.5,21284,4838,374,430,87,450,520,86.5,191,248,77,1,0.5,+0.5,6,107,21,3,114,Matches
172,Angel Gomes\645a3363,eng ENG,MFFW,Manchester Utd,17,2000,0.3,20,23,87,326,70,10,12,83.3,6,7,85.7,3,3,100,0,0,0,0,2,0,0,1,Matches
173,Joe Gomez\7a11550b,eng ENG,DF,Liverpool,21,1997,11.8,702,819,85.7,15140,4736,191,208,91.8,383,422,90.8,126,181,69.6,0,0.3,-0.3,6,38,3,1,32,Matches
174,Jon Gorenc Stanković\9c74fa25,si SVN,MFDF,Huddersfield,22,1996,7.9,225,287,78.4,4387,1216,80,89,89.9,110,132,83.3,30,51,58.8,0,0.2,-0.2,4,20,2,1,21,Matches
175,Dan Gosling\7fec31a0,eng ENG,MF,Bournemouth,28,1990,19.3,750,957,78.4,14483,3868,302,357,84.6,335,402,83.3,105,171,61.4,1,1.2,-0.2,8,78,15,0,96,Matches
176,Karlan Grant\87f7500e,eng ENG,FW,Huddersfield,20,1997,9.7,147,213,69,1990,474,97,124,78.2,42,59,71.2,6,13,46.2,0,0.3,-0.3,8,8,2,0,11,Matches
177,Andre Gray\c24dba2a,jm JAM,FW,Watford,27,1991,15.2,171,257,66.5,2309,541,103,137,75.2,43,69,62.3,13,21,61.9,2,1.9,+0.1,15,13,3,1,13,Matches
178,Demarai Gray\4468ec10,eng ENG,FWMF,Leicester City,22,1996,22.1,527,712,74,8091,1744,320,374,85.6,150,209,71.8,44,89,49.4,1,1,0,12,39,17,0,44,Matches
179,Mason Greenwood\58eee997,eng ENG,FWMF,Manchester Utd,16,2001,1.3,51,61,83.6,703,145,32,34,94.1,17,21,81,1,3,33.3,0,0.1,-0.1,3,2,2,0,4,Matches
180,Pascal Groß\8aec0537,de GER,MF,Brighton,27,1991,20.7,659,945,69.7,13239,4294,299,347,86.2,214,291,73.5,127,268,47.4,3,4.2,-1.2,51,74,26,11,72,Matches
181,Vicente Guaita\ab13a5aa,es ESP,GK,Crystal Palace,31,1987,19.5,298,593,50.3,11940,9296,38,38,100,104,106,98.1,154,446,34.5,0,0,0,1,4,0,0,0,Matches
182,Mattéo Guendouzi\5ea8ef20,fr FRA,MF,Arsenal,19,1999,23.9,1415,1613,87.7,27419,7185,532,577,92.2,654,717,91.2,210,269,78.1,0,2.2,-2.2,18,152,26,1,137,Matches
183,İlkay Gündoğan\819b3158,de GER,MF,Manchester City,27,1990,23.7,1844,2100,87.8,33379,6803,799,854,93.6,809,878,92.1,211,316,66.8,3,4,-1,43,178,49,5,165,Matches
184,Angus Gunn\e082af5b,eng ENG,GK,Southampton,22,1996,12,119,307,38.8,5682,4560,7,7,100,32,32,100,80,268,29.9,0,0,0,0,10,0,0,0,Matches
185,Aron Gunnarsson\e2533c20,is ISL,MF,Cardiff City,29,1989,25.2,599,921,65,12219,4422,213,272,78.3,254,345,73.6,116,273,42.5,1,1.6,-0.6,12,60,12,3,58,Matches
186,Florent Hadergjonaj\9aa186b2,xk KVX,DFMF,Huddersfield,24,1994,20.5,699,977,71.5,12591,4790,331,378,87.6,280,380,73.7,80,178,44.9,0,1.7,-1.7,24,49,23,18,69,Matches
187,Ben Hamer\d822a850,eng ENG,GK,Huddersfield,30,1987,6.1,98,206,47.6,4539,3505,8,8,100,20,21,95.2,70,177,39.5,0,0,0,0,4,0,0,0,Matches
188,Kadeem Harris\24396398,eng ENG,MFFW,Cardiff City,25,1993,4.2,64,100,64,966,253,41,54,75.9,19,31,61.3,4,9,44.4,0,0.3,-0.3,5,2,6,3,7,Matches
189,Joe Hart\cb4f24c6,eng ENG,GK,Burnley,31,1987,19,276,598,46.2,14756,12302,7,7,100,55,57,96.5,214,533,40.2,0,0,0,1,19,1,0,1,Matches
190,Isaac Hayden\c951a6df,eng ENG,MF,Newcastle Utd,23,1995,20.7,581,722,80.5,9803,2111,293,335,87.5,226,269,84,51,88,58,4,1.7,+2.3,20,47,10,2,47,Matches
191,Eden Hazard\a39bb753,be BEL,FW,Chelsea,27,1991,32.5,1607,2007,80.1,28087,7175,853,984,86.7,508,620,81.9,216,323,66.9,15,9.3,+5.7,92,126,99,10,215,Matches
192,Rhys Healey\07ace8c3,wls WAL,MFFW,Cardiff City,23,1994,0.6,2,11,18.2,47,29,1,5,20,0,1,0,1,4,25,0,0,0,0,0,0,0,0,Matches
193,Tom Heaton\a6de6361,eng ENG,GK,Burnley,32,1986,19,282,587,48,13759,11622,12,12,100,75,76,98.7,195,499,39.1,0,0,0,2,24,0,0,1,Matches
194,Jordan Henderson\935e6b8f,eng ENG,MF,Liverpool,28,1990,22.1,1552,1802,86.1,32008,7047,517,569,90.9,733,812,90.3,278,367,75.7,3,1.5,+1.5,14,192,27,7,135,Matches
195,Jeff Hendrick\989d5705,ie IRL,MFFW,Burnley,26,1992,22.9,508,692,73.4,8424,2120,250,300,83.3,199,251,79.3,43,90,47.8,0,1.5,-1.5,15,28,20,4,48,Matches
196,Wayne Hennessey\76eca7e2,wls WAL,GK,Crystal Palace,31,1987,17.5,269,511,52.6,10979,8585,15,15,100,102,103,99,152,393,38.7,0,0,0,0,11,0,0,1,Matches
197,Javier Hernández\189cee7b,mx MEX,FW,West Ham,30,1988,14.8,243,338,71.9,4025,829,128,165,77.6,80,109,73.4,26,40,65,1,1.4,-0.4,6,20,9,0,23,Matches
198,Ander Herrera\436a9dd0,es ESP,MF,Manchester Utd,28,1989,15.6,863,989,87.3,13998,3989,427,456,93.6,357,395,90.4,61,99,61.6,3,1.4,+1.6,13,56,10,1,75,Matches
199,Son Heung-min\92e7e919,kr KOR,FWMF,Tottenham,26,1992,22.7,657,781,84.1,9772,1971,399,442,90.3,202,237,85.2,38,52,73.1,6,3.3,+2.7,31,30,32,5,70,Matches
200,Gonzalo Higuaín\8a08491a,ar ARG,FW,Chelsea,30,1987,12.1,253,325,77.8,3669,372,148,181,81.8,72,89,80.9,19,32,59.4,0,1.1,-1.1,15,8,9,0,11,Matches
201,Wesley Hoedt\875898c7,nl NED,DF,Southampton,24,1994,13,488,620,78.7,11682,3878,116,137,84.7,246,276,89.1,124,201,61.7,0,0,0,1,47,1,0,39,Matches
202,Jonathan Hogg\9306d5ea,eng ENG,MF,Huddersfield,29,1988,26.3,1303,1546,84.3,24131,5853,551,620,88.9,567,650,87.2,170,240,70.8,1,0.8,+0.2,16,113,14,1,102,Matches
203,Junior Hoilett\33af5b9e,ca CAN,MFFW,Cardiff City,28,1990,23.8,337,531,63.5,5642,2026,194,237,81.9,93,151,61.6,42,110,38.2,1,1.3,-0.3,22,11,13,2,33,Matches
204,Rob Holding\d79a8c87,eng ENG,DF,Arsenal,22,1995,9,535,605,88.4,11287,3763,174,190,91.6,270,294,91.8,87,115,75.7,0,0.1,-0.1,2,19,0,0,22,Matches
205,José Holebas\12aa7661,gr GRE,DF,Watford,34,1984,26.6,816,1321,61.8,16381,7618,341,398,85.7,303,451,67.2,154,418,36.8,6,3.5,+2.5,35,51,15,8,68,Matches
206,Mason Holgate\d0042ab9,eng ENG,DF,Everton,21,1996,4.5,192,233,82.4,4773,1525,40,44,90.9,96,108,88.9,54,77,70.1,0,0,0,0,36,2,0,25,Matches
207,Callum Hudson-Odoi\15f3ec41,eng ENG,FW,Chelsea,17,2000,4.4,191,235,81.3,3087,655,109,127,85.8,63,76,82.9,19,29,65.5,1,1,0,8,7,10,5,11,Matches
208,Will Hughes\a0666d3e,eng ENG,MFFW,Watford,23,1995,26.9,772,1005,76.8,11386,3767,471,554,85,217,282,77,52,98,53.1,4,3.3,+0.7,26,66,28,4,95,Matches
209,Emerson Hyndman\3be1a627,us USA,MF,Bournemouth,22,1996,0.4,17,23,73.9,292,29,9,12,75,6,7,85.7,1,1,100,0,0,0,0,2,0,0,1,Matches
210,Pierre Højbjerg\8b04d6c1,dk DEN,MF,Southampton,22,1995,30.7,1512,1828,82.7,29371,7194,642,718,89.4,624,730,85.5,228,327,69.7,3,2.3,+0.7,26,204,20,5,142,Matches
211,Jordon Ibe\9f736ed2,eng ENG,MFFW,Bournemouth,22,1995,8.9,213,283,75.3,3702,1145,109,130,83.8,80,101,79.2,20,32,62.5,1,1,0,9,12,20,4,33,Matches
212,Vicente Iborra\ad1ffcfd,es ESP,MF,Leicester City,30,1988,2.5,125,146,85.6,2808,620,43,50,86,50,56,89.3,29,33,87.9,0,0,0,1,16,1,0,11,Matches
213,Kelechi Iheanacho\c92e1a31,ng NGA,FWMF,Leicester City,21,1996,10.5,221,294,75.2,3365,712,132,163,81,69,92,75,13,24,54.2,3,2,+1.0,14,9,8,2,20,Matches
214,Danny Ings\07802f7f,eng ENG,FW,Southampton,26,1992,18.3,285,414,68.8,4440,1149,159,208,76.4,86,113,76.1,26,59,44.1,3,2.6,+0.4,26,26,16,2,42,Matches
215,Alex Iwobi\6ca5ec4b,ng NGA,FWMF,Arsenal,22,1996,21.9,775,1026,75.5,12831,3698,393,464,84.7,306,383,79.9,63,118,53.4,6,6.1,-0.1,40,48,59,15,106,Matches
216,José Izquierdo\ca2bc3df,co COL,MFFW,Brighton,26,1992,8.8,160,208,76.9,2403,782,93,110,84.5,55,69,79.7,8,16,50,1,0.5,+0.5,5,8,4,1,15,Matches
217,Phil Jagielka\3233eefd,eng ENG,DFMF,Everton,35,1982,3.7,134,174,77,3317,782,28,32,87.5,68,81,84,38,59,64.4,0,0.2,-0.2,1,8,0,0,6,Matches
218,Alireza Jahanbakhsh\08452314,ir IRN,FWMF,Brighton,24,1993,11.3,210,307,68.4,3762,1199,101,128,78.9,73,100,73,26,51,51,0,0.2,-0.2,4,17,5,1,25,Matches
219,Daryl Janmaat\45da6694,nl NED,DF,Watford,29,1989,16.9,562,786,71.5,10495,4559,254,284,89.4,215,293,73.4,85,184,46.2,2,0.7,+1.3,11,47,22,11,66,Matches
220,Vincent Janssen\31dce0c8,nl NED,FW,Tottenham,24,1994,0.4,7,10,70,68,0,7,8,87.5,0,1,0,0,0,,0,0,0,0,0,0,0,0,Matches
221,Carl Jenkinson\874125a3,eng ENG,DF,Arsenal,26,1992,1.8,72,92,78.3,1161,305,31,36,86.1,38,40,95,2,8,25,0,0,0,0,2,1,0,3,Matches
222,Gabriel Jesus\b66315ae,br BRA,FW,Manchester City,21,1997,11.5,299,361,82.8,4051,549,183,215,85.1,89,101,88.1,13,17,76.5,3,1.7,+1.3,22,14,7,0,24,Matches
223,Raúl Jiménez\b561db50,mx MEX,FW,Wolves,27,1991,34.6,796,1086,73.3,12595,2230,431,535,80.6,262,348,75.3,75,124,60.5,7,6.5,+0.5,40,45,34,5,70,Matches
224,Stefan Johansen\a48da055,no NOR,MF,Fulham,27,1991,4.6,198,257,77,3545,1292,98,113,86.7,73,94,77.7,21,38,55.3,0,0.1,-0.1,1,17,3,0,29,Matches
225,Ben Johnson\9319781b,eng ENG,DF,West Ham,18,2000,0.7,19,22,86.4,239,115,13,13,100,6,6,100,0,2,0,0,0,0,0,1,0,0,0,Matches
226,Tyreke Johnson\4701e130,eng ENG,FW,Southampton,19,1998,0,0,0,,0,0,0,0,,0,0,,0,0,,0,0,0,0,0,0,0,0,Matches
227,Phil Jones\def899bd,eng ENG,DF,Manchester Utd,26,1992,14,684,734,93.2,14225,3945,213,228,93.4,348,368,94.6,120,133,90.2,1,0.5,+0.5,3,29,2,0,29,Matches
228,Jorginho\45db685d,it ITA,MF,Chelsea,26,1991,35.1,2705,3028,89.3,45318,13663,1352,1446,93.5,1087,1209,89.9,227,299,75.9,0,3.2,-3.2,29,355,46,1,301,Matches
229,Joselu\6265208f,es ESP,FW,Newcastle Utd,28,1990,6.6,134,209,64.1,1910,350,89,127,70.1,25,41,61,13,20,65,0,0.1,-0.1,2,9,2,0,13,Matches
230,Diogo Jota\178ae8f8,pt POR,FWMF,Wolves,21,1996,26.2,599,797,75.2,9763,2106,320,386,82.9,210,277,75.8,53,81,65.4,5,3.9,+1.1,29,51,24,6,69,Matches
231,Mathias Jørgensen\0db5d2c8,dk DEN,DF,Huddersfield,28,1990,23.9,943,1135,83.1,18961,7922,318,359,88.6,458,516,88.8,148,228,64.9,1,0.3,+0.7,8,77,4,0,101,Matches
232,Christian Kabasele\914ab9a1,be BEL,DF,Watford,27,1991,17.6,409,538,76,9246,3026,109,136,80.1,210,243,86.4,85,149,57,0,0.1,-0.1,1,20,1,0,25,Matches
233,Elias Kachunga\5bddccc9,cd COD,FWMF,Huddersfield,26,1992,13.1,223,311,71.7,3167,669,132,165,80,70,98,71.4,12,21,57.1,0,0.1,-0.1,3,15,4,4,16,Matches
234,Aboubakar Kamara\4047c976,mr MTN,FWMF,Fulham,23,1995,7.7,170,245,69.4,2642,534,94,118,79.7,64,84,76.2,10,29,34.5,0,1,-1,10,8,3,1,13,Matches
235,Harry Kane\21a66f6a,eng ENG,FW,Tottenham,25,1993,26.9,427,585,73,8263,2136,189,243,77.8,142,180,78.9,78,120,65,4,4.1,-0.1,30,59,18,4,71,Matches
236,N'Golo Kanté\b9fbae28,fr FRA,MF,Chelsea,27,1991,34.4,1798,2044,88,28418,6285,950,1056,90,671,735,91.3,129,161,80.1,4,4,0,46,152,37,5,136,Matches
237,Beram Kayal\26679cdf,il ISR,MF,Brighton,30,1988,10.4,198,282,70.2,3457,1028,88,107,82.2,89,119,74.8,18,47,38.3,1,0.8,+0.2,5,21,3,1,30,Matches
238,Michael Keane\c5b7c315,eng ENG,DF,Everton,25,1993,33,1276,1523,83.8,28681,10473,312,359,86.9,713,788,90.5,248,356,69.7,2,0.6,+1.4,5,91,5,1,107,Matches
239,Neeskens Kebano\18b999f4,cd COD,FWMF,Fulham,26,1992,1.2,25,31,80.6,391,53,14,17,82.4,9,11,81.8,1,1,100,0,0,0,0,2,0,0,1,Matches
240,Naby Keïta\f25c8e3a,gn GUI,MF,Liverpool,23,1995,15.4,901,1015,88.8,14620,3566,477,521,91.6,325,365,89,83,103,80.6,1,1.2,-0.2,10,93,32,0,107,Matches
241,Martin Kelly\d7492450,eng ENG,DF,Crystal Palace,28,1990,12.3,261,339,77,5766,2489,80,94,85.1,118,132,89.4,61,109,56,0,0.1,-0.1,1,20,2,0,17,Matches
242,Kenedy\5eebbfdf,br BRA,MFFW,Newcastle Utd,22,1996,15,379,534,71,6710,2175,186,229,81.2,136,179,76,48,87,55.2,1,0.9,+0.1,11,33,12,5,42,Matches
243,Jonjoe Kenny\099e666f,eng ENG,DF,Everton,21,1997,8.8,434,565,76.8,7682,3814,198,222,89.2,184,232,79.3,47,95,49.5,1,0.3,+0.7,5,46,13,4,58,Matches
244,Max Kilman\d0f72bf1,eng ENG,DF,Wolves,21,1997,0,0,0,,0,0,0,0,,0,0,,0,0,,0,0,0,0,0,0,0,0,Matches
245,Joshua King\43458538,no NOR,FWMF,Bournemouth,26,1992,32.9,610,866,70.4,9351,2198,342,439,77.9,213,305,69.8,40,69,58,3,4.8,-1.8,38,42,39,8,79,Matches
246,Anthony Knockaert\6c679c6d,fr FRA,MFFW,Brighton,26,1991,20.4,525,737,71.2,9807,3145,270,322,83.9,152,210,72.4,89,169,52.7,6,4.1,+1.9,40,21,21,6,42,Matches
247,Sead Kolašinac\3935e52e,ba BIH,DF,Arsenal,25,1993,21,975,1233,79.1,15237,5255,530,607,87.3,370,465,79.6,52,97,53.6,5,5.2,-0.2,33,51,25,10,79,Matches
248,Vincent Kompany\d2bff301,be BEL,DF,Manchester City,32,1986,13.6,1133,1210,93.6,24275,7686,323,347,93.1,597,622,96,208,235,88.5,0,0.1,-0.1,2,102,1,0,61,Matches
249,Terence Kongolo\1f9a3a04,nl NED,DF,Huddersfield,24,1994,30.2,963,1252,76.9,18767,8287,361,414,87.2,462,555,83.2,134,249,53.8,1,0.8,+0.2,9,76,11,4,79,Matches
250,Laurent Koscielny\f5efb153,fr FRA,DF,Arsenal,32,1985,14.8,808,871,92.8,18578,4850,194,203,95.6,427,448,95.3,182,210,86.7,0,0.1,-0.1,2,24,2,0,26,Matches
251,Cheikhou Kouyaté\8d3c902d,sn SEN,MF,Crystal Palace,28,1989,21.1,636,798,79.7,10109,3213,342,405,84.4,231,283,81.6,45,74,60.8,2,0.8,+1.2,14,63,5,3,62,Matches
252,Mateo Kovačić\79c0821a,hr CRO,MF,Chelsea,24,1994,19.3,1356,1487,91.2,21854,5157,751,801,93.8,480,517,92.8,106,135,78.5,2,2.4,-0.4,25,133,20,1,92,Matches
253,Rajiv van La Parra\1931bde9,nl NED,FWMF,Huddersfield,27,1991,4.5,97,122,79.5,1659,261,51,57,89.5,32,39,82.1,12,19,63.2,0,0.7,-0.7,7,7,1,0,6,Matches
254,Alexandre Lacazette\9dbb75ca,fr FRA,FW,Arsenal,27,1991,27.8,581,799,72.7,8195,2077,343,429,80,163,216,75.5,36,64,56.3,8,3.5,+4.5,31,32,42,3,72,Matches
255,Adam Lallana\99813635,eng ENG,MFFW,Liverpool,30,1988,5.2,255,305,83.6,3348,875,175,198,88.4,57,67,85.1,12,22,54.5,0,0.5,-0.5,9,14,9,0,32,Matches
256,Érik Lamela\abe66106,ar ARG,FWMF,Tottenham,26,1992,10.8,370,451,82,5702,1300,221,247,89.5,105,132,79.5,32,48,66.7,2,2.6,-0.6,24,28,19,2,36,Matches
257,Manuel Lanzini\26f6dca8,ar ARG,MF,West Ham,25,1993,7.6,408,471,86.6,5682,1754,239,257,93,134,155,86.5,16,32,50,1,1.1,-0.1,6,28,7,0,39,Matches
258,Aymeric Laporte\119b9a8e,es ESP,DF,Manchester City,24,1994,34,2786,3013,92.5,58986,19301,804,842,95.5,1528,1598,95.6,442,552,80.1,3,0.9,+2.1,12,316,7,0,238,Matches
259,Jamaal Lascelles\450ab6fc,eng ENG,DF,Newcastle Utd,24,1993,30.5,839,1064,78.9,18474,5943,228,284,80.3,440,507,86.8,163,250,65.2,1,0.3,+0.7,2,41,0,0,47,Matches
260,Maxime Le Marchand\321a71a7,fr FRA,DF,Fulham,28,1989,25,1198,1450,82.6,23875,9151,441,474,93,581,642,90.5,170,303,56.1,1,0.6,+0.4,7,53,8,3,61,Matches
261,Florian Lejeune\6eaed4eb,fr FRA,DF,Newcastle Utd,27,1991,11.7,429,560,76.6,10970,3863,104,131,79.4,203,236,86,120,183,65.6,0,0.3,-0.3,3,50,3,0,32,Matches
262,Mario Lemina\2b471f99,ga GAB,MF,Southampton,24,1993,17.9,710,828,85.7,12860,3163,316,341,92.7,302,347,87,78,114,68.4,1,0.4,+0.6,10,70,12,2,68,Matches
263,Aaron Lennon\2ff964a0,eng ENG,MFFW,Burnley,31,1987,13.5,233,312,74.7,3688,791,125,156,80.1,86,101,85.1,17,34,50,1,0.6,+0.4,7,8,5,2,20,Matches
264,Bernd Leno\2628fd2b,de GER,GK,Arsenal,26,1992,31.5,787,1103,71.4,22617,12845,106,107,99.1,423,424,99.8,255,566,45.1,0,0,0,0,3,0,0,2,Matches
265,Jefferson Lerma\9b5ce51a,co COL,MF,Bournemouth,23,1994,27.8,1321,1567,84.3,25208,6723,536,613,87.4,593,656,90.4,172,249,69.1,0,0.9,-0.9,14,118,12,0,110,Matches
266,Stephan Lichtsteiner\99b1d0e6,ch SUI,DF,Arsenal,34,1984,10.4,453,598,75.8,7896,2570,198,228,86.8,212,259,81.9,36,77,46.8,0,0,0,2,22,6,1,27,Matches
267,Victor Lindelöf\f5deef4c,se SWE,DF,Manchester Utd,24,1994,28.9,1323,1465,90.3,25813,8972,459,485,94.6,684,719,95.1,163,230,70.9,1,1,0,4,52,6,0,67,Matches
268,Jesse Lingard\810e3c74,eng ENG,FWMF,Manchester Utd,25,1992,18.5,665,786,84.6,9757,1896,398,439,90.7,207,245,84.5,36,55,65.5,2,2.1,-0.1,17,58,13,1,46,Matches
269,Fernando Llorente\82dbf623,es ESP,FW,Tottenham,33,1985,7.7,152,221,68.8,2051,290,98,132,74.2,42,62,67.7,6,15,40,4,1.3,+2.7,11,9,2,0,6,Matches
270,Hugo Lloris\8f62b6ee,fr FRA,GK,Tottenham,31,1986,33,908,1191,76.2,28504,16446,83,84,98.8,469,476,98.5,356,631,56.4,0,0,0,1,10,1,0,0,Matches
271,Jürgen Locadia\6cc47ae1,nl NED,FWMF,Brighton,24,1993,13.7,264,359,73.5,4462,965,148,188,78.7,79,105,75.2,29,44,65.9,0,1.1,-1.1,13,12,11,3,20,Matches
272,Ruben Loftus-Cheek\e97fd090,eng ENG,MFFW,Chelsea,22,1996,11.1,550,624,88.1,8316,1576,315,341,92.4,191,217,88,32,37,86.5,2,1.5,+0.5,17,46,8,0,49,Matches
273,Kevin Long\5a4280b1,ie IRL,DF,Burnley,27,1990,5.7,142,178,79.8,3534,1196,28,33,84.8,69,78,88.5,44,62,71,1,0,+1.0,0,8,1,0,12,Matches
274,Shane Long\9f472354,ie IRL,FWMF,Southampton,31,1987,14.1,215,334,64.4,2907,602,133,183,72.7,65,97,67,9,29,31,1,0.9,+0.1,13,13,5,2,20,Matches
275,Sean Longstaff\a2b105e0,eng ENG,MF,Newcastle Utd,20,1997,7.6,236,294,80.3,4953,1045,89,103,86.4,107,118,90.7,39,68,57.4,0,0.7,-0.7,5,30,6,1,27,Matches
276,Ademola Lookman\7c104bb7,eng ENG,FWMF,Everton,20,1997,6.9,218,269,81,3254,907,132,151,87.4,72,81,88.9,10,24,41.7,2,1.3,+0.7,9,16,8,4,23,Matches
277,Jonas Lössl\939bc634,dk DEN,GK,Huddersfield,29,1989,30.9,711,1112,63.9,28782,21177,44,47,93.6,239,242,98.8,428,822,52.1,1,0.5,+0.5,3,24,0,0,0,Matches
278,Dejan Lovren\1a2935f6,hr CRO,DF,Liverpool,29,1989,11,716,808,88.6,15125,4976,182,192,94.8,430,458,93.9,100,150,66.7,0,0.2,-0.2,1,32,2,1,27,Matches
279,Chris Löwe\c6896eab,de GER,DFFW,Huddersfield,29,1989,22.9,759,1086,69.9,14897,5016,314,372,84.4,311,401,77.6,124,259,47.9,2,1.6,+0.4,18,39,29,19,58,Matches
280,Matthew Lowton\9a9c05db,eng ENG,DF,Burnley,29,1989,19.4,628,909,69.1,13220,6212,238,280,85,273,370,73.8,112,236,47.5,0,0.6,-0.6,7,73,20,6,74,Matches
281,David Luiz\c0e27d1a,br BRA,DF,Chelsea,31,1987,36,2298,2619,87.7,53525,18238,582,626,93,1177,1264,93.1,519,695,74.7,2,2,0,14,237,19,1,204,Matches
282,Romelu Lukaku\5eae500a,be BEL,FW,Manchester Utd,25,1993,23.7,377,583,64.7,5638,1272,226,288,78.5,102,195,52.3,31,60,51.7,0,2.4,-2.4,24,25,27,5,42,Matches
283,James Maddison\ee38d9c5,eng ENG,MFFW,Leicester City,21,1996,31.5,1244,1620,76.8,23912,7458,569,642,88.6,445,542,82.1,212,383,55.4,7,7.3,-0.3,95,129,50,4,147,Matches
284,Gary Madine\e3e6502a,eng ENG,FWMF,Cardiff City,27,1990,0.4,8,11,72.7,115,36,5,6,83.3,3,5,60,0,0,,0,0,0,0,2,1,0,3,Matches
285,Harry Maguire\d8931174,eng ENG,DF,Leicester City,25,1993,28.8,1500,1735,86.5,35399,11761,388,434,89.4,742,807,91.9,358,464,77.2,0,0.5,-0.5,10,177,9,0,142,Matches
286,Riyad Mahrez\892d5bb1,dz ALG,FWMF,Manchester City,27,1991,14.9,716,886,80.8,13180,2778,316,359,88,291,341,85.3,98,154,63.6,4,4.2,-0.2,24,27,47,10,71,Matches
287,Ainsley Maitland-Niles\e3a5814e,eng ENG,DF,Arsenal,20,1997,11,458,577,79.4,8017,2790,218,251,86.9,196,231,84.8,40,71,56.3,1,1.2,-0.2,6,33,14,1,53,Matches
288,Sadio Mané\c691bfe2,sn SEN,FW,Liverpool,26,1992,34.2,935,1215,77,15335,3316,508,602,84.4,322,408,78.9,85,135,63,1,4.5,-3.5,44,79,45,5,106,Matches
289,Javier Manquillo\758dd7f0,es ESP,DF,Newcastle Utd,24,1994,12.2,350,515,68,6115,2590,157,192,81.8,150,218,68.8,36,78,46.2,3,0.9,+2.1,8,27,11,3,40,Matches
290,Solly March\bb5fbd2b,eng ENG,MFFW,Brighton,24,1994,27.4,598,933,64.1,11298,3198,272,336,81,215,317,67.8,91,194,46.9,5,3.6,+1.4,38,37,30,19,44,Matches
291,Adrian Mariappa\8aa5f52c,jm JAM,DF,Watford,31,1986,21.4,745,888,83.9,16013,6068,228,249,91.6,368,405,90.9,145,226,64.2,0,0.7,-0.7,5,47,3,0,40,Matches
292,Lazar Marković\723ba189,rs SRB,FW,Fulham,24,1994,0.5,29,30,96.7,388,97,19,19,100,7,7,100,2,2,100,0,0,0,1,2,1,0,2,Matches
293,Anthony Martial\8b788c01,fr FRA,FW,Manchester Utd,22,1995,18,576,755,76.3,7906,2210,370,438,84.5,175,229,76.4,19,40,47.5,2,2.6,-0.6,32,33,29,5,75,Matches
294,Adam Masina\de0f152c,ma MAR,DF,Watford,24,1994,11.2,435,553,78.7,7643,3326,213,235,90.6,173,213,81.2,41,85,48.2,1,0.6,+0.4,3,33,4,2,38,Matches
295,Arthur Masuaku\57df7a11,cd COD,DF,West Ham,24,1993,19.5,884,1094,80.8,15030,6100,459,496,92.5,310,384,80.7,95,164,57.9,1,1.2,-0.2,15,67,12,6,72,Matches
296,Juan Mata\29733c72,es ESP,FWMF,Manchester Utd,30,1988,14.3,619,766,80.8,11007,2603,317,349,90.8,201,239,84.1,86,150,57.3,2,3.3,-1.3,29,63,25,6,59,Matches
297,Nemanja Matić\eb7822d7,rs SRB,MF,Manchester Utd,29,1988,27.1,1580,1795,88,30192,7695,673,734,91.7,663,736,90.1,221,283,78.1,0,0.7,-0.7,12,174,21,4,144,Matches
298,Joël Matip\b217ef29,cm CMR,DF,Liverpool,26,1991,17.1,1153,1310,88,25070,7346,281,307,91.5,673,712,94.5,192,276,69.6,0,0.1,-0.1,2,84,5,0,57,Matches
299,Konstantinos Mavropanos\00963611,gr GRE,DF,Arsenal,20,1997,1.6,125,133,94,2672,563,35,36,97.2,64,69,92.8,24,25,96,0,0.2,-0.2,1,12,0,0,8,Matches
300,Alfie Mawson\d368feb8,eng ENG,DF,Fulham,24,1994,12.6,387,471,82.2,8786,2786,103,114,90.4,204,220,92.7,77,130,59.2,0,0,0,1,13,0,0,28,Matches
301,Isaac Mbenza\aa1a8c7e,be BEL,FWMF,Huddersfield,22,1996,11,190,285,66.7,3286,891,102,131,77.9,62,87,71.3,24,51,47.1,1,0.8,+0.2,8,10,7,5,15,Matches
302,James McArthur\cee31595,sct SCO,MF,Crystal Palace,30,1987,34,1156,1449,79.8,20519,5106,525,606,86.6,473,559,84.6,133,220,60.5,6,3.5,+2.5,29,108,15,2,89,Matches
303,Alex McCarthy\36c2ca73,eng ENG,GK,Southampton,28,1989,25,337,657,51.3,13292,9668,29,29,100,137,140,97.9,170,485,35.1,0,0,0,0,14,0,0,0,Matches
304,James McCarthy\64b08de7,ie IRL,MF,Everton,27,1990,0.2,7,8,87.5,107,11,3,3,100,2,2,100,1,1,100,0,0,0,0,1,0,0,0,Matches
305,Kevin McDonald\71a08f97,sct SCO,MF,Fulham,29,1988,9.3,488,569,85.8,9130,2305,208,221,94.1,201,226,88.9,68,106,64.2,0,0.1,-0.1,4,42,1,0,27,Matches
306,Dwight McNeil\fc15fb84,eng ENG,MF,Burnley,18,1999,17.7,379,577,65.7,6863,2165,201,240,83.8,123,168,73.2,50,127,39.4,5,3,+2.0,27,23,18,12,32,Matches
307,Scott McTominay\d93c2511,sct SCO,MFDF,Manchester Utd,21,1996,9.6,386,452,85.4,6949,1930,175,192,91.1,160,181,88.4,45,69,65.2,0,0,0,1,29,1,0,29,Matches
308,Ben Mee\8df7a2fb,eng ENG,DF,Burnley,28,1989,38,1108,1459,75.9,27492,10747,269,321,83.8,493,578,85.3,338,533,63.4,2,0.6,+1.4,8,125,4,1,87,Matches
309,Nathaniel Mendez-Laing\b4b2f632,eng ENG,MFFW,Cardiff City,26,1992,10.9,172,283,60.8,2580,1114,113,151,74.8,44,68,64.7,12,35,34.3,1,1.4,-0.4,20,13,9,6,27,Matches
310,Benjamin Mendy\5271c8f1,fr FRA,DF,Manchester City,24,1994,10,675,795,84.9,11819,3612,287,311,92.3,329,370,88.9,49,91,53.8,5,1.3,+3.7,12,53,26,10,85,Matches
311,Nampalys Mendy\1598599e,sn SEN,MF,Leicester City,26,1992,23.2,977,1110,88,16967,3913,447,485,92.2,405,438,92.5,100,141,70.9,0,0.2,-0.2,5,97,5,3,67,Matches
312,Chris Mepham\fed96827,wls WAL,DF,Bournemouth,20,1997,9.4,324,391,82.9,6860,2225,90,100,90,180,207,87,52,79,65.8,1,0,+1.0,0,17,0,0,22,Matches
313,Max Meyer\eba42d2b,de GER,MFFW,Crystal Palace,22,1995,15.7,566,699,81,8465,2127,322,371,86.8,195,232,84.1,35,63,55.6,2,1.4,+0.6,24,46,13,2,50,Matches
314,Luka Milivojević\2ce2508a,rs SRB,MF,Crystal Palace,27,1991,38,1634,2139,76.4,32686,10235,595,681,87.4,737,860,85.7,269,525,51.2,2,3.4,-1.4,64,175,27,8,178,Matches
315,James Milner\2f90f6b8,eng ENG,MFDF,Liverpool,32,1986,19.9,1300,1612,80.6,25570,8998,551,624,88.3,524,602,87,206,329,62.6,4,5.5,-1.5,48,142,42,8,149,Matches
316,Yerry Mina\6d5701f2,co COL,DF,Everton,23,1994,9.9,405,467,86.7,9092,3089,101,114,88.6,215,230,93.5,87,118,73.7,0,0.1,-0.1,3,24,1,0,29,Matches
317,Tyrone Mings\8397a50c,eng ENG,DF,Bournemouth,25,1993,1.6,82,98,83.7,1477,542,35,41,85.4,41,45,91.1,6,9,66.7,0,0.1,-0.1,1,8,1,0,5,Matches
318,Aleksandar Mitrović\3925dbd6,rs SRB,FW,Fulham,23,1994,36.4,744,1035,71.9,10243,1815,482,624,77.2,197,286,68.9,35,55,63.6,3,2.3,+0.7,24,43,15,0,61,Matches
319,Henrikh Mkhitaryan\dd0daf32,am ARM,FWMF,Arsenal,29,1989,18.2,660,868,76,10575,3124,339,404,83.9,253,308,82.1,49,96,51,4,4.5,-0.5,27,68,32,3,91,Matches
320,Nacho Monreal\d4cb83cc,es ESP,DF,Arsenal,32,1986,20.7,1123,1289,87.1,18603,6454,538,575,93.6,477,532,89.7,85,135,63,3,1.4,+1.6,10,61,15,4,72,Matches
321,Martín Montoya\5cec2487,es ESP,DF,Brighton,27,1991,24.1,899,1145,78.5,15849,6986,396,442,89.6,396,493,80.3,95,163,58.3,1,1,0,18,63,28,14,78,Matches
322,Aaron Mooy\47b7e3af,au AUS,MFFW,Huddersfield,27,1990,25.9,1073,1423,75.4,19094,6179,545,631,86.4,367,451,81.4,144,282,51.1,1,2.6,-1.6,40,135,26,9,120,Matches
323,Álvaro Morata\129af0db,es ESP,FW,Chelsea,25,1992,10.5,172,221,77.8,2636,237,92,113,81.4,54,71,76.1,14,20,70,0,0.2,-0.2,6,15,1,0,4,Matches
324,Alberto Moreno\11b9265b,es ESP,DF,Liverpool,26,1992,1.7,110,126,87.3,2136,675,44,47,93.6,51,55,92.7,15,22,68.2,0,0.2,-0.2,3,7,5,1,12,Matches
325,Wes Morgan\80c31c97,jm JAM,DF,Leicester City,34,1984,21.4,742,889,83.5,15220,4311,222,249,89.2,385,446,86.3,124,174,71.3,0,0.2,-0.2,2,30,0,0,29,Matches
326,Sean Morrison\09fec029,eng ENG,DF,Cardiff City,27,1991,33.8,519,875,59.3,11453,5388,165,241,68.5,232,329,70.5,117,280,41.8,3,2.4,+0.6,18,33,6,1,51,Matches
327,Victor Moses\e726e11e,ng NGA,FW,Chelsea,27,1990,0.3,10,13,76.9,138,12,5,6,83.3,5,6,83.3,0,0,,0,0.2,-0.2,1,0,0,0,1,Matches
328,Steve Mounié\19ba6c6d,bj BEN,FW,Huddersfield,23,1994,19.8,365,561,65.1,5206,918,223,314,71,125,194,64.4,10,21,47.6,3,1.9,+1.1,17,23,4,0,31,Matches
329,Lucas Moura\2b622f01,br BRA,FWMF,Tottenham,25,1992,23.6,572,763,75,8846,2131,303,373,81.2,223,287,77.7,33,65,50.8,0,2,-2,27,33,17,2,55,Matches
330,Lys Mousset\d9cfca3d,fr FRA,FWMF,Bournemouth,22,1996,4.1,85,120,70.8,1123,261,55,73,75.3,20,30,66.7,4,4,100,0,0.4,-0.4,4,9,7,0,10,Matches
331,João Moutinho\f5a00fa4,pt POR,MF,Wolves,31,1986,33.7,1660,2063,80.5,35020,9508,592,651,90.9,733,849,86.3,321,527,60.9,8,6,+2.0,81,193,46,14,186,Matches
332,Jacob Murphy\de112b84,eng ENG,MFDF,Newcastle Utd,23,1995,3.4,35,68,51.5,790,254,13,18,72.2,14,26,53.8,8,22,36.4,1,0.4,+0.6,2,3,2,2,4,Matches
333,Josh Murphy\b30c7426,eng ENG,MFFW,Cardiff City,23,1995,20.2,208,382,54.5,3747,1433,109,140,77.9,65,121,53.7,30,86,34.9,2,2.9,-0.9,14,19,12,5,25,Matches
334,Glenn Murray\f2f29dda,eng ENG,FW,Brighton,34,1983,27.9,378,623,60.7,5343,1001,227,357,63.6,112,178,62.9,21,44,47.7,1,0.9,+0.1,11,25,9,3,34,Matches
335,Shkodran Mustafi\3f2d59fe,de GER,DF,Arsenal,26,1992,29,1446,1734,83.4,32231,10746,383,431,88.9,751,834,90,304,447,68,0,0.5,-0.5,6,114,10,0,99,Matches
336,Yoshinori Mutō\5343eb4e,jp JPN,FWMF,Newcastle Utd,26,1992,5.8,88,126,69.8,1221,259,48,58,82.8,29,42,69,4,6,66.7,0,0.3,-0.3,2,10,1,0,7,Matches
337,Georges-Kévin N'Koudou\76c131da,fr FRA,FW,Tottenham,23,1995,0.1,3,4,75,79,35,0,0,,2,2,100,1,2,50,1,0.2,+0.8,1,0,1,1,0,Matches
338,Samir Nasri\165bed61,fr FRA,MF,West Ham,31,1987,2.7,135,155,87.1,2084,479,78,87,89.7,37,41,90.2,15,22,68.2,2,0.8,+1.2,6,11,6,1,12,Matches
339,Marc Navarro\c2846353,es ESP,DF,Watford,23,1995,0.9,21,35,60,451,80,9,11,81.8,9,13,69.2,3,11,27.3,0,0,0,0,1,0,0,0,Matches
340,Wilfred Ndidi\6b47c5db,ng NGA,MF,Leicester City,21,1996,36.6,1614,2012,80.2,29786,7041,706,833,84.8,677,807,83.9,205,296,69.3,0,1.5,-1.5,22,156,13,0,144,Matches
341,Rúben Neves\44bfb6c5,pt POR,MF,Wolves,21,1997,33.4,1567,1936,80.9,37490,9290,408,475,85.9,748,840,89,404,580,69.7,3,1.5,+1.5,21,195,16,3,165,Matches
342,Oumar Niasse\af721f98,sn SEN,FW,Cardiff City,28,1990,10.3,115,169,68,1645,349,70,90,77.8,34,47,72.3,6,10,60,0,0.4,-0.4,5,4,5,1,13,Matches
343,Oumar Niasse\af721f98,sn SEN,FW,Everton,28,1990,0.7,12,21,57.1,219,55,2,5,40,10,14,71.4,0,1,0,0,0.2,-0.2,1,2,1,0,3,Matches
344,Eddie Nketiah\a53649b7,eng ENG,MFFW,Arsenal,19,1999,0.7,19,20,95,230,53,11,11,100,7,7,100,0,1,0,0,0.1,-0.1,1,1,1,0,2,Matches
345,Mark Noble\ff527768,eng ENG,MF,West Ham,31,1987,25.5,1299,1536,84.6,26603,7346,488,554,88.1,548,624,87.8,243,319,76.2,5,2.2,+2.8,21,135,27,5,144,Matches
346,Håvard Nordtveit\6cafd68d,no NOR,DF,Fulham,28,1990,4,191,228,83.8,4649,1761,45,47,95.7,93,106,87.7,51,72,70.8,1,0.2,+0.8,3,13,0,0,6,Matches
347,Will Norris\c73ada83,eng ENG,GK,Wolves,24,1993,0,0,0,,0,0,0,0,,0,0,,0,0,,0,0,0,0,0,0,0,0,Matches
348,Michael Obafemi\caa1a7f0,ie IRL,FWMF,Southampton,18,2000,1.5,17,23,73.9,225,26,10,13,76.9,7,9,77.8,0,0,,1,0.2,+0.8,2,0,3,1,2,Matches
349,Pedro Obiang\ba1e04b3,gq EQG,MF,West Ham,26,1992,12.5,427,544,78.5,7986,2188,207,251,82.5,136,169,80.5,77,107,72,1,0.6,+0.4,4,46,4,1,47,Matches
350,Denis Odoi\f7750aa0,be BEL,DF,Fulham,30,1988,28.8,1150,1390,82.7,22317,7910,444,483,91.9,538,602,89.4,152,268,56.7,1,0.8,+0.2,11,99,9,2,78,Matches
351,Angelo Ogbonna\74b2cd7e,it ITA,DF,West Ham,30,1988,20.8,657,771,85.2,13699,4210,211,233,90.6,323,365,88.5,113,158,71.5,1,0.5,+0.5,4,35,2,0,29,Matches
352,Stefano Okaka\601ef102,it ITA,FW,Watford,28,1989,0.3,10,14,71.4,153,22,5,6,83.3,3,5,60,1,2,50,0,0.3,-0.3,2,1,1,1,0,Matches
353,Shinji Okazaki\68796d61,jp JPN,FWMF,Leicester City,32,1986,3.2,74,98,75.5,911,195,58,66,87.9,12,20,60,4,9,44.4,1,0.3,+0.7,2,4,0,0,6,Matches
354,Divock Origi\43a166b4,be BEL,FW,Liverpool,23,1995,4.1,77,115,67,1316,359,44,59,74.6,22,32,68.8,9,15,60,1,0.2,+0.8,3,5,4,2,7,Matches
355,Nicolás Otamendi\0d267745,ar ARG,DF,Manchester City,30,1988,13.7,1143,1218,93.8,24095,5835,308,317,97.2,666,699,95.3,167,194,86.1,0,0.2,-0.2,2,71,2,0,48,Matches
356,Alex Oxlade-Chamberlain\38c7feef,eng ENG,MFFW,Liverpool,24,1993,0.2,12,14,85.7,213,105,5,6,83.3,7,7,100,0,0,,0,0,0,1,3,0,0,6,Matches
357,Mesut Özil\16380240,de GER,MFFW,Arsenal,29,1988,19.3,1023,1172,87.3,16367,4399,546,596,91.6,364,404,90.1,85,128,66.4,2,5.8,-3.8,47,99,54,11,124,Matches
358,Emerson Palmieri\e0bc6fdc,it ITA,DF,Chelsea,23,1994,7.4,451,518,87.1,6376,1733,281,303,92.7,145,158,91.8,18,36,50,0,0.6,-0.6,4,21,14,3,31,Matches
359,Sokratis Papastathopoulos\b682dcf6,gr GRE,DF,Arsenal,30,1988,24.4,1209,1338,90.4,26606,7682,350,365,95.9,600,634,94.6,253,325,77.8,2,0.5,+1.5,4,28,3,0,37,Matches
360,Callum Paterson\d2583bce,sct SCO,FWMF,Cardiff City,23,1994,22.2,280,573,48.9,4438,1996,162,286,56.6,92,196,46.9,22,57,38.6,1,1.7,-0.7,19,47,16,2,65,Matches
361,Rui Patrício\79b0d6a0,pt POR,GK,Wolves,30,1988,37,515,864,59.6,20631,14190,43,43,100,149,154,96.8,323,667,48.4,0,0,0,0,4,0,0,0,Matches
362,Pedro\3ca7254a,es ESP,FW,Chelsea,31,1987,19.8,955,1143,83.6,14977,3121,562,616,91.2,303,369,82.1,73,117,62.4,2,2.8,-0.8,27,52,32,8,69,Matches
363,Lee Peltier\af341b88,eng ENG,DF,Cardiff City,31,1986,17.2,280,442,63.3,5443,2526,103,141,73,129,183,70.5,42,102,41.2,0,0,0,2,22,2,1,20,Matches
364,Andreas Pereira\6639e500,br BRA,MF,Manchester Utd,22,1996,6.7,302,364,83,5534,1648,127,146,87,129,147,87.8,33,52,63.5,1,0.8,+0.2,10,35,8,3,32,Matches
365,Ricardo Pereira\75a72a99,pt POR,DFFW,Leicester City,24,1993,34.7,1505,1958,76.9,25377,9716,716,842,85,650,832,78.1,116,211,55,6,4.6,+1.4,34,110,32,6,154,Matches
366,Roberto Pereyra\75f2c59f,ar ARG,MFFW,Watford,27,1991,31.3,970,1193,81.3,15798,4273,538,613,87.8,318,375,84.8,85,132,64.4,1,3.4,-2.4,37,66,37,4,107,Matches
367,Ayoze Pérez\819aa8e7,es ESP,MFFW,Newcastle Utd,25,1993,32.4,612,816,75,9176,2419,347,410,84.6,187,252,74.2,47,80,58.8,2,3.6,-1.6,39,48,25,4,63,Matches
368,Lucas Pérez\a300ac7e,es ESP,FW,West Ham,29,1988,5.3,100,146,68.5,1347,216,64,80,80,29,42,69,3,9,33.3,0,0.8,-0.8,7,4,4,0,6,Matches
369,Jordan Pickford\4806ec67,eng ENG,GK,Everton,24,1994,38,758,1270,59.7,29338,19466,70,74,94.6,308,313,98.4,379,882,43,0,0.1,-0.1,1,36,0,0,0,Matches
370,Paul Pogba\867239d3,fr FRA,MF,Manchester Utd,25,1993,33.4,1735,2116,82,34010,9765,763,864,88.3,654,773,84.6,290,409,70.9,9,5,+4.0,50,214,66,8,262,Matches
371,Alex Pritchard\ff9fcd4d,eng ENG,MFFW,Huddersfield,25,1993,23.1,697,980,71.1,11076,2887,394,473,83.3,228,305,74.8,59,137,43.1,0,2.2,-2.2,34,59,27,7,68,Matches
372,Sebastian Prödl\f5e6d08d,at AUT,DF,Watford,31,1987,0.1,3,3,100,60,11,1,1,100,2,2,100,0,0,,0,0,0,0,0,0,0,0,Matches
373,Davy Pröpper\fdd85f94,nl NED,MF,Brighton,26,1991,28.3,987,1257,78.5,19591,5063,394,465,84.7,409,495,82.6,163,243,67.1,1,1.2,-0.2,20,129,20,2,127,Matches
374,Jason Puncheon\fd3f57ce,eng ENG,MF,Crystal Palace,32,1986,0.1,10,11,90.9,120,29,8,8,100,2,3,66.7,0,0,,0,0,0,0,1,0,0,0,Matches
375,Jason Puncheon\fd3f57ce,eng ENG,MFFW,Huddersfield,32,1986,4.2,167,217,77,3123,1033,73,87,83.9,65,78,83.3,25,42,59.5,0,0.8,-0.8,6,16,4,0,21,Matches
376,Collin Quaner\19b8b0b9,de GER,FWMF,Huddersfield,27,1991,0.4,13,16,81.3,166,47,8,10,80,4,5,80,0,0,,0,0.1,-0.1,1,2,3,0,3,Matches
377,Domingos Quina\41fb0f4e,pt POR,MF,Watford,18,1999,3.8,201,233,86.3,3742,914,94,107,87.9,87,94,92.6,18,28,64.3,0,0.2,-0.2,1,21,3,1,13,Matches
378,Joe Ralls\3730fcbc,eng ENG,MF,Cardiff City,24,1993,21.8,571,858,66.6,12566,4761,194,240,80.8,237,301,78.7,129,287,44.9,0,1.9,-1.9,28,103,16,5,97,Matches
379,Aaron Ramsey\ef619b0b,wls WAL,MF,Arsenal,27,1990,14.8,650,789,82.4,11105,2604,318,362,87.8,249,289,86.2,65,87,74.7,6,2.3,+3.7,25,54,18,4,63,Matches
380,Kayne Ramsey\dc31b84c,eng ENG,DF,Southampton,17,2000,1,14,18,77.8,300,57,2,4,50,11,12,91.7,1,2,50,0,0,0,0,0,0,0,0,Matches
381,Marcus Rashford\a1d5bd30,eng ENG,FW,Manchester Utd,20,1997,25.9,534,724,73.8,8098,1967,331,387,85.5,154,203,75.9,40,92,43.5,6,4.2,+1.8,38,32,24,3,60,Matches
382,Tim Ream\28b40c9c,us USA,DF,Fulham,30,1987,22.7,915,1032,88.7,17839,6530,297,315,94.3,519,557,93.2,95,145,65.5,0,0.1,-0.1,3,47,3,0,66,Matches
383,Nathan Redmond\ab651565,eng ENG,FWMF,Southampton,24,1994,36.3,877,1210,72.5,15025,3812,471,573,82.2,275,359,76.6,112,198,56.6,4,5.3,-1.3,54,64,58,21,90,Matches
384,Bobby Reid\0f7533cd,jm JAM,MFFW,Cardiff City,25,1993,15.8,238,329,72.3,3414,786,141,169,83.4,71,98,72.4,13,32,40.6,2,1,+1.0,14,15,6,1,19,Matches
385,Declan Rice\1c7012b8,eng ENG,MF,West Ham,19,1999,33.4,1354,1549,87.4,26440,5790,520,583,89.2,606,666,91,211,265,79.6,0,0.5,-0.5,9,129,4,0,78,Matches
386,Jazz Richards\afef14da,wls WAL,DFMF,Cardiff City,27,1991,1.5,27,38,71.1,483,242,14,18,77.8,11,14,78.6,2,6,33.3,0,0,0,0,3,1,0,2,Matches
387,Richarlison\fa031b34,br BRA,FWMF,Everton,21,1997,29.6,541,824,65.7,8639,1944,298,406,73.4,174,240,72.5,52,97,53.6,1,1.4,-0.4,19,41,24,2,66,Matches
388,Diego Rico\d9ba39fc,es ESP,DF,Bournemouth,25,1993,6.8,266,389,68.4,4844,2399,121,151,80.1,110,144,76.4,30,72,41.7,0,1,-1,11,22,11,8,34,Matches
389,Sergio Rico\5f0241b2,es ESP,GK,Fulham,24,1993,29,517,891,58,21467,17521,52,53,98.1,172,173,99.4,292,664,44,0,0.2,-0.2,2,11,1,0,0,Matches
390,Matt Ritchie\71ef519e,sct SCO,DFMF,Newcastle Utd,28,1989,32.5,1038,1577,65.8,20291,8266,457,533,85.7,404,543,74.4,159,410,38.8,8,5.1,+2.9,55,64,45,29,91,Matches
391,Andrew Robertson\2e4f5f03,sct SCO,DF,Liverpool,24,1994,35.7,2277,2795,81.5,40979,15060,1021,1129,90.4,1016,1187,85.6,227,422,53.8,11,6.9,+4.1,51,162,69,18,243,Matches
392,Marcos Rojo\e0991c04,ar ARG,DF,Manchester Utd,28,1990,2.4,101,136,74.3,1989,815,45,51,88.2,37,45,82.2,16,34,47.1,0,0,0,0,11,1,0,8,Matches
393,Oriol Romeu\4b511457,es ESP,MF,Southampton,26,1991,23.7,899,1111,80.9,16707,5122,365,418,87.3,414,484,85.5,105,168,62.5,0,0.4,-0.4,7,118,11,2,126,Matches
394,Salomón Rondón\b318a643,ve VEN,FW,Newcastle Utd,28,1989,28.9,540,768,70.3,7677,1551,335,444,75.5,150,219,68.5,31,52,59.6,7,3.4,+3.6,30,40,21,3,52,Matches
395,Danny Rose\89d10e53,eng ENG,DFMF,Tottenham,28,1990,20,867,1168,74.2,15017,5565,423,492,86,345,430,80.2,86,191,45,3,2.2,+0.8,26,57,34,16,93,Matches
396,Aaron Rowe\4b6bcb0d,eng ENG,FW,Huddersfield,17,2000,0.8,13,17,76.5,191,90,6,7,85.7,4,5,80,2,4,50,0,0,0,0,0,0,0,1,Matches
397,John Ruddy\da8b19e2,eng ENG,GK,Wolves,31,1986,1,15,21,71.4,593,437,1,1,100,4,4,100,10,16,62.5,0,0,0,0,0,0,0,0,Matches
398,Antonio Rüdiger\18b896d6,de GER,DF,Chelsea,25,1993,31.9,2304,2513,91.7,48555,15403,700,740,94.6,1177,1238,95.1,398,501,79.4,0,0.4,-0.4,4,172,9,0,151,Matches
399,Mathew Ryan\4535e4bb,au AUS,GK,Brighton,26,1992,34,559,1024,54.6,25989,19886,23,24,95.8,138,141,97.9,397,857,46.3,0,0,0,0,38,0,0,0,Matches
400,Abdelhamid Sabiri\4830e0af,de GER,FW,Huddersfield,21,1996,0.5,8,9,88.9,93,17,6,7,85.7,0,0,,1,1,100,0,0,0,0,0,0,0,0,Matches
401,Romain Saïss\9fbbcf39,ma MAR,MFDF,Wolves,28,1990,12.8,561,717,78.2,12271,3949,181,206,87.9,255,305,83.6,121,184,65.8,0,0.3,-0.3,3,59,5,2,57,Matches
402,Bukayo Saka\bc7dc64d,eng ENG,FW,Arsenal,16,2001,0.1,0,0,,0,0,0,0,,0,0,,0,0,,0,0,0,0,0,0,0,0,Matches
403,Mamadou Sakho\87935cf3,fr FRA,DF,Crystal Palace,28,1990,26.8,1148,1288,89.1,22747,10109,387,408,94.9,580,631,91.9,171,231,74,0,0.4,-0.4,6,81,3,0,91,Matches
404,Bakary Sako\381d7d54,ml MLI,MFFW,Crystal Palace,30,1988,0.3,9,13,69.2,175,10,6,7,85.7,2,2,100,1,4,25,0,0,0,0,1,0,0,0,Matches
405,Mohamed Salah\e342ad68,eg EGY,FW,Liverpool,26,1992,36.1,861,1149,74.9,12735,3768,514,628,81.8,267,344,77.6,55,109,50.5,8,8.8,-0.8,66,57,77,7,143,Matches
406,Alexis Sánchez\2c0f8e9e,cl CHI,FWMF,Manchester Utd,29,1988,9.8,296,414,71.5,5113,1592,166,207,80.2,84,121,69.4,40,70,57.1,3,3.3,-0.3,20,27,26,5,46,Matches
407,Carlos Sánchez\50b51fac,co COL,MF,West Ham,32,1986,2.7,128,142,90.1,2656,522,40,44,90.9,55,59,93.2,27,33,81.8,0,0.1,-0.1,2,11,0,0,7,Matches
408,Davinson Sánchez\da7b447d,co COL,DF,Tottenham,22,1996,21.6,1298,1419,91.5,28010,7351,333,354,94.1,704,737,95.5,250,308,81.2,1,0,+1.0,1,41,0,0,51,Matches
409,Leroy Sané\2b114be3,de GER,FW,Manchester City,22,1996,20.7,749,955,78.4,10707,2336,464,538,86.2,235,281,83.6,28,79,35.4,10,6.6,+3.4,36,26,37,0,76,Matches
410,Fabian Schär\c8aa95da,ch SUI,DF,Newcastle Utd,26,1991,22.2,695,1019,68.2,17967,8098,172,207,83.1,317,388,81.7,204,404,50.5,1,0.6,+0.4,11,87,9,1,66,Matches
411,Christopher Schindler\8ae9869d,de GER,DF,Huddersfield,28,1990,36.2,1278,1485,86.1,28552,8460,341,381,89.5,660,736,89.7,266,343,77.6,0,0.3,-0.3,2,79,4,0,67,Matches
412,Jeffrey Schlupp\3312f911,gh GHA,MF,Crystal Palace,25,1992,18.6,488,648,75.3,7497,2346,268,315,85.1,180,236,76.3,29,62,46.8,1,1.5,-0.5,17,52,13,3,57,Matches
413,Kasper Schmeichel\53af52f3,dk DEN,GK,Leicester City,31,1986,38,847,1235,68.6,32002,20158,56,57,98.2,306,311,98.4,484,865,56,0,0.4,-0.4,1,9,0,0,2,Matches
414,Morgan Schneiderlin\51b41c5c,fr FRA,MF,Everton,28,1989,9.3,490,549,89.3,8948,2101,236,253,93.3,182,201,90.5,68,89,76.4,1,0.9,+0.1,8,49,4,0,27,Matches
415,André Schürrle\ecbb3fdf,de GER,FWMF,Fulham,27,1990,18.2,431,588,73.3,6671,1540,260,306,85,128,171,74.9,35,70,50,0,1.5,-1.5,20,31,21,7,35,Matches
416,Ken Sema\1770bd68,se SWE,MFFW,Watford,24,1993,8.4,173,250,69.2,2587,529,96,120,80,74,97,76.3,3,18,16.7,2,0.7,+1.3,6,9,4,0,16,Matches
417,Jean Seri\10efd0e1,ci CIV,MF,Fulham,27,1991,24.9,1454,1731,84,27613,6928,602,663,90.8,604,677,89.2,215,331,65,2,3.7,-1.7,53,121,27,5,124,Matches
418,Ryan Sessegnon\6aa3e78b,eng ENG,FWDF,Fulham,18,2000,25.6,576,824,69.9,9340,3570,312,373,83.6,215,299,71.9,42,115,36.5,6,4.4,+1.6,30,33,16,4,59,Matches
419,Xherdan Shaqiri\6421ec64,ch SUI,FWMF,Liverpool,26,1991,11.8,543,694,78.2,9884,2625,270,308,87.7,198,238,83.2,70,128,54.7,3,2.1,+0.9,19,49,35,6,65,Matches
420,Luke Shaw\9c94165b,eng ENG,DF,Manchester Utd,23,1995,28.8,1666,1982,84.1,26189,11318,919,1000,91.9,622,728,85.4,101,180,56.1,4,3.5,+0.5,33,125,32,8,174,Matches
421,Jonjo Shelvey\3727dd3c,eng ENG,MF,Newcastle Utd,26,1992,10.5,464,683,67.9,11357,4393,126,160,78.8,204,253,80.6,126,254,49.6,1,1.3,-0.3,23,78,22,4,68,Matches
422,Gylfi Sigurðsson\76dd1480,is ISL,MF,Everton,28,1989,34.6,825,1229,67.1,14610,5466,389,477,81.6,303,403,75.2,110,267,41.2,6,6.8,-0.8,69,99,49,8,126,Matches
423,Adrien Silva\d6f88a1d,pt POR,MF,Leicester City,29,1989,1,69,77,89.6,1343,332,31,34,91.2,25,28,89.3,12,13,92.3,0,0,0,0,10,1,0,8,Matches
424,Bernardo Silva\3eb22ec9,pt POR,MFFW,Manchester City,23,1994,31.7,1518,1805,84.1,25499,5591,757,833,90.9,594,687,86.5,137,212,64.6,7,7.4,-0.4,67,97,60,6,147,Matches
425,David Silva\e2716bd0,es ESP,MF,Manchester City,32,1986,26.7,1782,2081,85.6,28878,6355,926,1035,89.5,709,800,88.6,126,190,66.3,8,9.4,-1.4,73,137,87,4,189,Matches
426,Xande Silva\15d561fa,pt POR,MF,West Ham,21,1997,0.2,3,5,60,38,3,2,2,100,1,2,50,0,1,0,0,0,0,1,0,0,0,0,Matches
427,Danny Simpson\3201b03d,eng ENG,DF,Leicester City,31,1987,3.2,108,152,71.1,2070,961,37,53,69.8,50,63,79.4,17,30,56.7,0,0,0,1,8,0,0,7,Matches
428,Jack Simpson\76fa5f80,eng ENG,DF,Bournemouth,21,1996,4.5,191,225,84.9,4173,1490,50,57,87.7,104,116,89.7,35,48,72.9,0,0.1,-0.1,1,12,1,0,10,Matches
429,Josh Sims\6d6f09dc,eng ENG,FWMF,Southampton,21,1997,2.4,36,46,78.3,532,153,18,23,78.3,14,16,87.5,2,4,50,1,0.5,+0.5,2,1,2,2,1,Matches
430,Moussa Sissoko\2acd49b9,fr FRA,MF,Tottenham,28,1989,25.9,1195,1387,86.2,20388,4843,562,629,89.3,487,541,90,115,161,71.4,3,2.5,+0.5,23,100,11,3,89,Matches
431,Oliver Skipp\6250083a,eng ENG,MF,Tottenham,17,2000,2.4,113,130,86.9,1980,411,47,53,88.7,54,59,91.5,10,13,76.9,0,0,0,1,6,0,0,5,Matches
432,Callum Slattery\059948df,eng ENG,MF,Southampton,19,1999,1.2,21,32,65.6,363,92,10,12,83.3,8,11,72.7,2,6,33.3,0,0,0,0,3,1,0,3,Matches
433,Chris Smalling\b6964eb6,eng ENG,DF,Manchester Utd,28,1989,23.6,794,909,87.3,16890,4083,216,242,89.3,431,466,92.5,139,187,74.3,0,0.4,-0.4,3,26,1,0,33,Matches
434,Adam Smith\20b104bc,eng ENG,DF,Bournemouth,27,1991,23,864,1070,80.7,14210,5471,444,501,88.6,345,416,82.9,65,118,55.1,1,0.8,+0.2,10,71,15,2,82,Matches
435,Tommy Smith\e9208654,eng ENG,DF,Huddersfield,26,1992,12.7,470,615,76.4,8721,3041,208,239,87,182,234,77.8,75,125,60,0,0.4,-0.4,7,32,7,4,32,Matches
436,Robert Snodgrass\9f4647e9,sct SCO,MF,West Ham,30,1987,24.7,864,1138,75.9,14628,4381,406,464,87.5,301,382,78.8,103,206,50,5,4.9,+0.1,62,81,30,5,82,Matches
437,Cédric Soares\839c14e1,pt POR,DF,Southampton,26,1991,16.6,566,801,70.7,9661,3894,298,341,87.4,196,254,77.2,61,163,37.4,2,1.5,+0.5,13,46,21,10,58,Matches
438,Ramadan Sobhi\98be0d02,eg EGY,FWMF,Huddersfield,21,1997,0.9,36,45,80,468,155,23,26,88.5,11,17,64.7,0,0,,0,0.2,-0.2,3,0,4,1,5,Matches
439,Dominic Solanke\e77dc3b2,eng ENG,FW,Bournemouth,20,1997,3.9,73,101,72.3,894,185,46,55,83.6,21,27,77.8,1,6,16.7,1,0.6,+0.4,8,3,2,0,6,Matches
440,Pape Souaré\46b5375e,sn SEN,DF,Crystal Palace,28,1990,0,3,3,100,86,0,0,0,,2,2,100,1,1,100,0,0,0,0,0,0,0,0,Matches
441,Çağlar Söyüncü\21166ff4,tr TUR,DF,Leicester City,22,1996,4.1,183,213,85.9,3456,1243,68,73,93.2,91,96,94.8,22,39,56.4,0,0,0,0,9,2,1,17,Matches
442,Julián Speroni\8e65a5e5,ar ARG,GK,Crystal Palace,39,1979,1,16,36,44.4,809,687,0,0,,1,1,100,15,35,42.9,0,0,0,0,2,0,0,0,Matches
443,Junior Stanislas\6992791d,eng ENG,MFFW,Bournemouth,28,1989,11.5,405,532,76.1,6644,2325,206,244,84.4,155,186,83.3,36,67,53.7,3,2,+1.0,14,32,26,4,60,Matches
444,Dale Stephens\653ee42d,eng ENG,MF,Brighton,29,1989,27.6,1145,1363,84,24956,6403,361,416,86.8,557,610,91.3,216,303,71.3,1,0.7,+0.3,19,138,10,1,114,Matches
445,Jack Stephens\6adbc307,eng ENG,DF,Southampton,24,1994,18.9,595,783,76,12646,5134,210,238,88.2,264,326,81,113,204,55.4,0,0.3,-0.3,5,49,5,0,47,Matches
446,Raheem Sterling\b400bde0,eng ENG,FW,Manchester City,23,1994,30.8,1098,1332,82.4,15322,3203,702,772,90.9,345,422,81.8,32,76,42.1,9,9.2,-0.2,59,19,56,5,94,Matches
447,John Stones\5eecec3d,eng ENG,DF,Manchester City,24,1994,19.6,1651,1735,95.2,34220,9445,512,528,97,861,893,96.4,270,305,88.5,0,0.2,-0.2,5,111,5,0,87,Matches
448,Daniel Sturridge\1b7ec703,eng ENG,FWMF,Liverpool,28,1989,5.7,148,187,79.1,2543,752,76,88,86.4,52,66,78.8,16,22,72.7,1,1.2,-0.2,8,13,11,0,31,Matches
449,Denis Suárez\12c50af5,es ESP,FW,Arsenal,24,1994,0.8,32,35,91.4,444,69,20,20,100,8,10,80,2,2,100,0,0,0,0,2,1,0,1,Matches
450,Isaac Success\f573a8bf,ng NGA,FWMF,Watford,22,1996,11.7,259,365,71,4114,904,137,180,76.1,88,116,75.9,21,37,56.8,1,2,-1,19,12,20,5,30,Matches
451,Ki Sung-yueng\1d8c99b0,kr KOR,MF,Newcastle Utd,29,1989,14.5,518,640,80.9,11138,2971,181,202,89.6,214,242,88.4,115,180,63.9,1,1,0,14,52,8,1,55,Matches
452,Andrew Surman\7d41b619,eng ENG,MF,Bournemouth,31,1986,16,730,839,87,13716,3891,303,333,91,313,346,90.5,101,137,73.7,0,0.8,-0.8,10,59,17,1,78,Matches
453,Sam Surridge\b017b770,eng ENG,FWDF,Bournemouth,20,1998,0.1,3,5,60,34,0,2,4,50,1,1,100,0,0,,0,0.1,-0.1,1,0,0,0,0,Matches
454,Alexander Sørloth\e92cd3f7,no NOR,FWMF,Crystal Palace,22,1995,2.1,41,61,67.2,537,113,24,37,64.9,13,18,72.2,1,2,50,0,0.7,-0.7,3,2,1,0,3,Matches
455,Matt Targett\e514ab62,eng ENG,DFMF,Southampton,22,1995,13.2,447,678,65.9,7887,3966,224,272,82.4,163,244,66.8,55,130,42.3,3,2.7,+0.3,23,36,16,10,57,Matches
456,James Tarkowski\15ea812b,eng ENG,DF,Burnley,25,1992,34.3,796,1098,72.5,19983,7728,179,218,82.1,388,467,83.1,222,395,56.2,1,0.2,+0.8,5,91,11,0,97,Matches
457,Charlie Taylor\cc2d7ad5,eng ENG,DF,Burnley,24,1993,36,1224,1706,71.7,22051,9514,599,669,89.5,456,612,74.5,151,351,43,1,1,0,11,68,21,12,94,Matches
458,Youri Tielemans\56f7a928,be BEL,MF,Leicester City,21,1997,12.1,542,645,84,10283,2343,220,250,88,235,261,90,76,102,74.5,4,2.5,+1.5,19,65,13,3,63,Matches
459,James Tomkins\e7ca0439,eng ENG,DF,Crystal Palace,29,1989,28.4,904,1063,85,21623,6627,205,220,93.2,452,489,92.4,238,340,70,1,0.9,+0.1,6,58,3,0,41,Matches
460,Lucas Torreira\52611641,uy URU,MF,Arsenal,22,1996,26.5,1412,1618,87.3,26219,6276,551,602,91.5,670,738,90.8,164,226,72.6,2,1.2,+0.8,16,99,20,1,121,Matches
461,Cenk Tosun\9a104dee,tr TUR,FW,Everton,27,1991,11.8,184,248,74.2,2672,427,103,133,77.4,50,64,78.1,16,20,80,3,0.6,+2.4,11,7,8,1,15,Matches
462,Andros Townsend\b28bbd58,eng ENG,FWMF,Crystal Palace,27,1991,33.4,881,1221,72.2,14194,3847,482,561,85.9,297,390,76.2,79,193,40.9,4,5.1,-1.1,62,56,45,20,96,Matches
463,Adama Traoré\9a28eba4,es ESP,FWDF,Wolves,22,1996,10,237,331,71.6,3843,1175,130,166,78.3,76,102,74.5,22,34,64.7,1,1.8,-0.8,16,16,20,11,26,Matches
464,Mark Travers\fe558029,ie IRL,GK,Bournemouth,19,1999,2,43,57,75.4,1271,698,9,10,90,17,17,100,17,30,56.7,0,0,0,0,0,0,0,1,Matches
465,Kieran Trippier\21512407,eng ENG,DF,Tottenham,27,1990,25.3,1530,1995,76.7,29631,11707,631,699,90.3,662,794,83.4,227,450,50.4,3,4.5,-1.5,48,89,64,27,167,Matches
466,Antonio Valencia\08aa17d0,ec ECU,DF,Manchester Utd,32,1985,5.2,279,325,85.8,4657,1867,153,162,94.4,97,108,89.8,26,47,55.3,0,0.6,-0.6,7,21,7,4,23,Matches
467,Yan Valery\531a4aa8,fr FRA,DFMF,Southampton,19,1999,19,377,613,61.5,6518,2802,184,221,83.3,152,241,63.1,35,116,30.2,1,0.2,+0.8,5,30,6,3,36,Matches
468,Jamie Vardy\45963054,eng ENG,FW,Leicester City,31,1987,30.3,284,441,64.4,4428,857,148,212,69.8,109,163,66.9,19,36,52.8,4,4.5,-0.5,30,13,18,4,31,Matches
469,Jan Vertonghen\ba23a904,be BEL,DF,Tottenham,31,1987,21.2,1340,1523,88,27900,8486,385,418,92.1,750,805,93.2,195,270,72.2,0,0.3,-0.3,4,120,7,3,83,Matches
470,Jannik Vestergaard\1900032e,dk DEN,DF,Southampton,25,1992,22.5,671,860,78,13421,4902,260,295,88.1,302,360,83.9,100,186,53.8,0,0.5,-0.5,5,62,2,0,56,Matches
471,Luciano Vietto\2513a588,ar ARG,FWMF,Fulham,24,1993,11,334,425,78.6,5122,1198,192,224,85.7,112,133,84.2,20,40,50,4,2.2,+1.8,25,16,14,3,30,Matches
472,Rúben Vinagre\b937e490,pt POR,DFMF,Wolves,19,1999,7.9,301,420,71.7,4890,1813,162,197,82.2,121,164,73.8,16,41,39,0,1,-1,6,19,7,6,26,Matches
473,Sam Vokes\1d6ac165,wls WAL,FWMF,Burnley,28,1989,10.2,147,259,56.8,1890,509,90,140,64.3,47,95,49.5,3,6,50,0,0.4,-0.4,6,18,4,0,23,Matches
474,Michel Vorm\1bebde9d,nl NED,GK,Tottenham,34,1983,2,54,62,87.1,1306,678,8,8,100,34,34,100,12,20,60,0,0,0,0,0,0,0,0,Matches
475,Matěj Vydra\0d4ceb32,cz CZE,MFFW,Burnley,26,1992,3.5,48,74,64.9,624,87,32,47,68.1,11,15,73.3,2,6,33.3,1,0.2,+0.8,1,0,3,0,3,Matches
476,Theo Walcott\1ecb65be,eng ENG,FWMF,Everton,29,1989,23.5,444,628,70.7,6590,2017,259,314,82.5,136,202,67.3,31,63,49.2,2,2.5,-0.5,24,40,18,10,51,Matches
477,Kyle Walker\86dd77d1,eng ENG,DF,Manchester City,28,1990,30.9,2342,2657,88.1,45909,11670,901,961,93.8,1086,1188,91.4,335,464,72.2,1,1.6,-0.6,22,238,27,5,155,Matches
478,Kyle Walker-Peters\984a5a64,eng ENG,DF,Tottenham,21,1997,4.2,185,225,82.2,2881,970,109,119,91.6,62,72,86.1,12,19,63.2,3,0.7,+2.3,8,6,4,2,12,Matches
479,Aaron Wan-Bissaka\9e525177,eng ENG,DF,Crystal Palace,20,1997,34.8,1148,1520,75.5,17031,8310,688,777,88.5,367,488,75.2,66,163,40.5,3,1.9,+1.1,14,81,26,10,118,Matches
480,Victor Wanyama\e0900238,ke KEN,MF,Tottenham,27,1991,5.7,258,310,83.2,4570,891,110,122,90.2,124,145,85.5,22,31,71,0,0,0,2,17,0,0,14,Matches
481,Danny Ward\cfb29823,eng ENG,FW,Cardiff City,26,1991,4.9,46,85,54.1,730,169,28,52,53.8,16,25,64,2,3,66.7,0,0.3,-0.3,6,8,2,0,9,Matches
482,Joel Ward\8a7ff278,eng ENG,DF,Crystal Palace,28,1989,6.1,183,248,73.8,2950,1640,101,113,89.4,62,85,72.9,17,40,42.5,0,0.2,-0.2,3,20,3,1,17,Matches
483,Stephen Ward\3831b9fe,ie IRL,DF,Burnley,32,1985,2.5,110,150,73.3,1935,803,51,58,87.9,46,57,80.7,10,27,37,0,0.1,-0.1,1,8,2,1,8,Matches
484,James Ward-Prowse\3515d404,eng ENG,MFDF,Southampton,23,1994,21.6,621,904,68.7,11287,3548,300,351,85.5,237,308,76.9,77,218,35.3,0,3.3,-3.3,44,51,12,5,44,Matches
485,Danny Welbeck\ce5143da,eng ENG,FWMF,Arsenal,27,1990,1.7,43,59,72.9,668,270,22,27,81.5,19,28,67.9,1,2,50,1,0.9,+0.1,7,6,2,0,10,Matches
486,Ashley Westwood\495945ef,eng ENG,MF,Burnley,28,1990,31.4,1110,1504,73.8,22964,7092,432,500,86.4,450,562,80.1,215,405,53.1,7,4.8,+2.2,42,137,41,9,161,Matches
487,Connor Wickham\41cc19c2,eng ENG,FW,Crystal Palace,25,1993,0.7,7,13,53.8,90,26,4,6,66.7,3,6,50,0,0,,1,0.3,+0.7,1,0,0,0,1,Matches
488,Georginio Wijnaldum\eb58eef0,nl NED,MF,Liverpool,27,1990,30.3,1619,1780,91,28658,6117,724,772,93.8,706,755,93.5,172,211,81.5,0,1.2,-1.2,21,186,20,2,123,Matches
489,Danny Williams\ec9a28ce,us USA,MF,Huddersfield,29,1989,1.1,17,22,77.3,284,43,8,10,80,8,9,88.9,1,2,50,0,0,0,1,2,0,0,2,Matches
490,Willian\8b9ebd03,br BRA,FW,Chelsea,29,1988,23.3,1105,1414,78.1,19221,5233,549,627,87.6,407,486,83.7,132,240,55,6,6,0,83,59,50,12,120,Matches
491,Joe Willock\a3b03921,eng ENG,MF,Arsenal,18,1999,0.7,12,12,100,207,29,7,7,100,4,4,100,1,1,100,0,0,0,0,2,0,0,0,Matches
492,Ben Wilmot\2876eaa3,eng ENG,MFDF,Watford,18,1999,0.3,8,10,80,231,143,1,1,100,4,6,66.7,3,3,100,0,0,0,0,2,0,0,1,Matches
493,Jack Wilshere\9c318325,eng ENG,MF,West Ham,26,1992,4.4,195,214,91.1,3309,546,105,107,98.1,63,64,98.4,21,29,72.4,1,0.4,+0.6,6,18,1,0,11,Matches
494,Callum Wilson\c596fcb0,eng ENG,FW,Bournemouth,26,1992,28.1,316,462,68.4,4818,1146,175,237,73.8,107,141,75.9,22,36,61.1,9,4.7,+4.3,29,16,20,3,42,Matches
495,Harry Winks\2f7acede,eng ENG,MF,Tottenham,22,1996,17.7,1288,1400,92,24294,4990,553,590,93.7,538,563,95.6,178,214,83.2,0,0.2,-0.2,7,127,13,0,83,Matches
496,Chris Wood\4e9a0555,nz NZL,FW,Burnley,26,1991,28.8,411,625,65.8,5299,1015,285,393,72.5,93,152,61.2,15,37,40.5,2,1.9,+0.1,16,18,11,2,28,Matches
497,Granit Xhaka\e61b8aee,ch SUI,MFDF,Arsenal,25,1992,27.8,1948,2371,82.2,40432,11571,704,775,90.8,875,989,88.5,346,551,62.8,2,3.4,-1.4,38,217,36,11,209,Matches
498,Andriy Yarmolenko\849c826a,ua UKR,MFFW,West Ham,28,1989,5.1,165,214,77.1,2725,675,78,95,82.1,65,76,85.5,15,28,53.6,0,0.2,-0.2,4,6,9,2,18,Matches
499,DeAndre Yedlin\ae0a7ddf,us USA,DF,Newcastle Utd,25,1993,27.5,784,1091,71.9,13697,6279,362,424,85.4,335,451,74.3,71,173,41,2,2.9,-0.9,30,45,31,13,72,Matches
500,Maya Yoshida\caffaf5a,jp JPN,DF,Southampton,29,1988,16.9,431,548,78.6,8584,3040,171,191,89.5,179,214,83.6,73,130,56.2,1,0.5,+0.5,6,36,2,0,34,Matches
501,Ashley Young\be927d03,eng ENG,DF,Manchester Utd,33,1985,28.5,1372,1889,72.6,26666,11761,586,662,88.5,555,708,78.4,212,449,47.2,2,3.3,-1.3,40,114,32,12,134,Matches
502,Pablo Zabaleta\6813ac34,ar ARG,DF,West Ham,33,1985,23.2,861,1131,76.1,13983,5780,427,487,87.7,351,430,81.6,63,161,39.1,1,0.9,+0.1,7,71,12,5,80,Matches
503,Wilfried Zaha\b2bc3b1f,ci CIV,FW,Crystal Palace,25,1992,33.7,843,1097,76.8,12581,3652,515,620,83.1,247,300,82.3,59,89,66.3,5,5.3,-0.3,53,63,65,9,129,Matches
504,Andre-Frank Zambo Anguissa\6bb2c084,cm CMR,MF,Fulham,22,1995,16.9,930,1061,87.7,15663,4466,424,460,92.2,416,471,88.3,70,95,73.7,0,0.4,-0.4,6,95,6,1,73,Matches
505,Davide Zappacosta\7fe90ccd,it ITA,DF,Chelsea,26,1992,1.4,77,91,84.6,1259,350,39,47,83,32,33,97,6,9,66.7,0,0.1,-0.1,1,2,1,1,2,Matches
506,Oleksandr Zinchenko\51cf8561,ua UKR,DF,Manchester City,21,1996,12.8,1208,1339,90.2,21156,5351,569,611,93.1,532,580,91.7,101,129,78.3,3,1.5,+1.5,12,131,22,5,97,Matches
507,Kenneth Zohore\5e508d0d,dk DEN,FW,Cardiff City,24,1994,8.4,100,153,65.4,1385,262,66,95,69.5,25,37,67.6,6,9,66.7,1,1.1,-0.1,13,8,3,2,7,Matches
508,Kurt Zouma\ce4246f5,fr FRA,DF,Everton,23,1994,29,1209,1401,86.3,26145,8158,406,440,92.3,553,612,90.4,242,330,73.3,2,0.3,+1.7,4,67,3,0,79,Matches